INSERT INTO `c_auth_menu`(`id`, `tenant_code`, `label`, `describe_`, `is_public`, `path`, `component`, `is_enable`, `sort_value`, `icon`, `group_`, `parent_id`, `create_user`, `create_time`, `update_user`, `update_time`) VALUES (101, '0000', '用户中心', '用户组织机构', b'0', '/user', 'Layout', b'1', 1, 'el-icon-user-solid', '', 0, 1, '2019-07-25 15:35:12', 3, '2019-11-11 14:32:02');
INSERT INTO `c_auth_menu`(`id`, `tenant_code`, `label`, `describe_`, `is_public`, `path`, `component`, `is_enable`, `sort_value`, `icon`, `group_`, `parent_id`, `create_user`, `create_time`, `update_user`, `update_time`) VALUES (102, '0000', '权限管理', '管理权限相关', b'0', '/auth', 'Layout', b'1', 2, 'el-icon-lock', '', 0, 1, '2019-07-27 11:48:49', 3, '2019-11-11 14:35:39');
INSERT INTO `c_auth_menu`(`id`, `tenant_code`, `label`, `describe_`, `is_public`, `path`, `component`, `is_enable`, `sort_value`, `icon`, `group_`, `parent_id`, `create_user`, `create_time`, `update_user`, `update_time`) VALUES (103, '0000', '基础配置', '基础的配置', b'0', '/base', 'Layout', b'1', 3, 'el-icon-set-up', '', 0, 1, '2019-11-11 14:38:29', 3, '2019-11-11 14:35:42');
INSERT INTO `c_auth_menu`(`id`, `tenant_code`, `label`, `describe_`, `is_public`, `path`, `component`, `is_enable`, `sort_value`, `icon`, `group_`, `parent_id`, `create_user`, `create_time`, `update_user`, `update_time`) VALUES (104, '0000', '开发者管理', '开发者', b'0', '/developer', 'Layout', b'1', 4, 'el-icon-user-solid', '', 0, 1, '2019-11-11 14:38:34', 3, '2019-11-11 14:35:44');
INSERT INTO `c_auth_menu`(`id`, `tenant_code`, `label`, `describe_`, `is_public`, `path`, `component`, `is_enable`, `sort_value`, `icon`, `group_`, `parent_id`, `create_user`, `create_time`, `update_user`, `update_time`) VALUES (105, '0000', '消息中心', '站内信', b'0', '/msgs', 'Layout', b'1', 5, 'el-icon-chat-line-square', '', 0, 1, '2019-11-11 14:38:32', 3, '2019-11-11 14:35:47');
INSERT INTO `c_auth_menu`(`id`, `tenant_code`, `label`, `describe_`, `is_public`, `path`, `component`, `is_enable`, `sort_value`, `icon`, `group_`, `parent_id`, `create_user`, `create_time`, `update_user`, `update_time`) VALUES (106, '0000', '短信中心', '短信接口', b'0', '/sms', 'Layout', b'1', 6, 'el-icon-chat-line-round', '', 0, 1, '2019-11-11 14:38:36', 3, '2019-11-11 14:35:49');
INSERT INTO `c_auth_menu`(`id`, `tenant_code`, `label`, `describe_`, `is_public`, `path`, `component`, `is_enable`, `sort_value`, `icon`, `group_`, `parent_id`, `create_user`, `create_time`, `update_user`, `update_time`) VALUES (107, '0000', '文件中心', '附件接口', b'0', '/file', 'Layout', b'1', 7, 'el-icon-folder-add', '', 0, 1, '2019-11-11 14:38:38', 3, '2019-11-11 14:35:51');
INSERT INTO `c_auth_menu`(`id`, `tenant_code`, `label`, `describe_`, `is_public`, `path`, `component`, `is_enable`, `sort_value`, `icon`, `group_`, `parent_id`, `create_user`, `create_time`, `update_user`, `update_time`) VALUES (603976297063910529, '0000', '菜单配置', '', b'0', '/auth/menu', 'zuihou/auth/menu/Index', b'1', 0, '', '', 102, 1, '2019-07-25 15:46:11', 3, '2019-11-11 14:31:52');
INSERT INTO `c_auth_menu`(`id`, `tenant_code`, `label`, `describe_`, `is_public`, `path`, `component`, `is_enable`, `sort_value`, `icon`, `group_`, `parent_id`, `create_user`, `create_time`, `update_user`, `update_time`) VALUES (603981723864141121, '0000', '角色管理', '', b'0', '/auth/role', 'zuihou/auth/role/Index', b'1', 1, '', '', 102, 1, '2019-07-25 16:07:45', 3, '2019-11-11 14:31:57');
INSERT INTO `c_auth_menu`(`id`, `tenant_code`, `label`, `describe_`, `is_public`, `path`, `component`, `is_enable`, `sort_value`, `icon`, `group_`, `parent_id`, `create_user`, `create_time`, `update_user`, `update_time`) VALUES (603982542332235201, '0000', '组织管理', '', b'0', '/user/org', 'zuihou/user/org/Index', b'1', 0, '', '', 101, 1, '2019-07-25 16:11:00', 3, '2019-11-11 14:28:40');
INSERT INTO `c_auth_menu`(`id`, `tenant_code`, `label`, `describe_`, `is_public`, `path`, `component`, `is_enable`, `sort_value`, `icon`, `group_`, `parent_id`, `create_user`, `create_time`, `update_user`, `update_time`) VALUES (603982713849908801, '0000', '岗位管理', '', b'0', '/user/station', 'zuihou/user/station/Index', b'1', 1, '', '', 101, 1, '2019-07-25 16:11:41', 3, '2019-11-11 14:28:43');
INSERT INTO `c_auth_menu`(`id`, `tenant_code`, `label`, `describe_`, `is_public`, `path`, `component`, `is_enable`, `sort_value`, `icon`, `group_`, `parent_id`, `create_user`, `create_time`, `update_user`, `update_time`) VALUES (603983082961243905, '0000', '用户管理', '', b'0', '/user/user', 'zuihou/user/user/Index', b'1', 2, '', '', 101, 1, '2019-07-25 16:13:09', 3, '2019-11-11 14:28:49');
INSERT INTO `c_auth_menu`(`id`, `tenant_code`, `label`, `describe_`, `is_public`, `path`, `component`, `is_enable`, `sort_value`, `icon`, `group_`, `parent_id`, `create_user`, `create_time`, `update_user`, `update_time`) VALUES (605078371293987105, '0000', '数据字典维护', '', b'0', '/base/dict', 'zuihou/base/dict/Index', b'1', 0, '', '', 103, 1, '2019-07-28 16:45:26', 3, '2019-11-11 14:34:23');
INSERT INTO `c_auth_menu`(`id`, `tenant_code`, `label`, `describe_`, `is_public`, `path`, `component`, `is_enable`, `sort_value`, `icon`, `group_`, `parent_id`, `create_user`, `create_time`, `update_user`, `update_time`) VALUES (605078463069552993, '0000', '地区信息维护', '', b'0', '/base/area', 'zuihou/base/area/Index', b'1', 1, '', '', 103, 1, '2019-07-28 16:45:48', 3, '2019-11-11 14:34:26');
INSERT INTO `c_auth_menu`(`id`, `tenant_code`, `label`, `describe_`, `is_public`, `path`, `component`, `is_enable`, `sort_value`, `icon`, `group_`, `parent_id`, `create_user`, `create_time`, `update_user`, `update_time`) VALUES (605078538881597857, '0000', '应用管理', '', b'0', '/developer/application', 'zuihou/developer/application/Index', b'1', 0, '', '', 104, 1, '2019-07-28 16:46:06', 3, '2019-12-25 16:19:43');
INSERT INTO `c_auth_menu`(`id`, `tenant_code`, `label`, `describe_`, `is_public`, `path`, `component`, `is_enable`, `sort_value`, `icon`, `group_`, `parent_id`, `create_user`, `create_time`, `update_user`, `update_time`) VALUES (605078672772170209, '0000', '操作日志', '', b'0', '/developer/optLog', 'zuihou/developer/optLog/Index', b'1', 3, '', '', 104, 1, '2019-07-28 16:46:38', 3, '2019-11-11 14:35:14');
INSERT INTO `c_auth_menu`(`id`, `tenant_code`, `label`, `describe_`, `is_public`, `path`, `component`, `is_enable`, `sort_value`, `icon`, `group_`, `parent_id`, `create_user`, `create_time`, `update_user`, `update_time`) VALUES (605078979149300257, '0000', '数据库监控', '', b'0', '/developer/db', 'zuihou/developer/db/Index', b'1', 2, '', '', 104, 1, '2019-07-28 16:47:51', 3, '2019-11-16 16:35:50');
INSERT INTO `c_auth_menu`(`id`, `tenant_code`, `label`, `describe_`, `is_public`, `path`, `component`, `is_enable`, `sort_value`, `icon`, `group_`, `parent_id`, `create_user`, `create_time`, `update_user`, `update_time`) VALUES (605079239015793249, '0000', '接口文档', '', b'0', 'http://127.0.0.1:8760/api/gate/doc.html', 'Layout', b'1', 5, '', '', 104, 1, '2019-07-28 16:48:53', 3, '2019-11-16 10:55:03');
INSERT INTO `c_auth_menu`(`id`, `tenant_code`, `label`, `describe_`, `is_public`, `path`, `component`, `is_enable`, `sort_value`, `icon`, `group_`, `parent_id`, `create_user`, `create_time`, `update_user`, `update_time`) VALUES (605079411338773153, '0000', '注册&配置中心', '', b'0', 'http://127.0.0.1:8848/nacos', 'Layout', b'1', 6, '', '', 104, 1, '2019-07-28 16:49:34', 3, '2019-11-16 10:55:06');
INSERT INTO `c_auth_menu`(`id`, `tenant_code`, `label`, `describe_`, `is_public`, `path`, `component`, `is_enable`, `sort_value`, `icon`, `group_`, `parent_id`, `create_user`, `create_time`, `update_user`, `update_time`) VALUES (605079545585861345, '0000', '缓存监控', '', b'0', 'http://www.baidu.com', 'Layout', b'1', 7, '', '', 104, 1, '2019-07-28 16:50:06', 3, '2019-11-16 10:55:08');
INSERT INTO `c_auth_menu`(`id`, `tenant_code`, `label`, `describe_`, `is_public`, `path`, `component`, `is_enable`, `sort_value`, `icon`, `group_`, `parent_id`, `create_user`, `create_time`, `update_user`, `update_time`) VALUES (605079658416833313, '0000', '服务器监控', '', b'0', 'http://127.0.0.1:8762/zuihou-monitor', 'Layout', b'1', 8, '', '', 104, 1, '2019-07-28 16:50:33', 3, '2019-11-16 10:55:15');
INSERT INTO `c_auth_menu`(`id`, `tenant_code`, `label`, `describe_`, `is_public`, `path`, `component`, `is_enable`, `sort_value`, `icon`, `group_`, `parent_id`, `create_user`, `create_time`, `update_user`, `update_time`) VALUES (605079751035454305, '0000', '消息推送', '', b'0', '/msgs/sendMsgs', 'zuihou/msgs/sendMsgs/Index', b'1', 0, '', '', 105, 1, '2019-07-28 16:50:55', 3, '2019-11-11 14:28:30');
INSERT INTO `c_auth_menu`(`id`, `tenant_code`, `label`, `describe_`, `is_public`, `path`, `component`, `is_enable`, `sort_value`, `icon`, `group_`, `parent_id`, `create_user`, `create_time`, `update_user`, `update_time`) VALUES (605080023753294753, '0000', '我的消息', '', b'0', '/msgs/myMsgs', 'zuihou/msgs/myMsgs/Index', b'1', 1, '', '', 105, 1, '2019-07-28 16:52:00', 3, '2019-11-11 14:28:27');
INSERT INTO `c_auth_menu`(`id`, `tenant_code`, `label`, `describe_`, `is_public`, `path`, `component`, `is_enable`, `sort_value`, `icon`, `group_`, `parent_id`, `create_user`, `create_time`, `update_user`, `update_time`) VALUES (605080107379327969, '0000', '账号配置', '', b'0', '/sms/template', 'zuihou/sms/template/Index', b'1', 1, '', '', 106, 1, '2019-07-28 16:52:20', 3, '2019-11-21 19:53:17');
INSERT INTO `c_auth_menu`(`id`, `tenant_code`, `label`, `describe_`, `is_public`, `path`, `component`, `is_enable`, `sort_value`, `icon`, `group_`, `parent_id`, `create_user`, `create_time`, `update_user`, `update_time`) VALUES (605080359394083937, '0000', '短信管理', '', b'0', '/sms/manage', 'zuihou/sms/manage/Index', b'1', 0, '', '', 106, 1, '2019-07-28 16:53:20', 3, '2019-11-21 19:53:09');
INSERT INTO `c_auth_menu`(`id`, `tenant_code`, `label`, `describe_`, `is_public`, `path`, `component`, `is_enable`, `sort_value`, `icon`, `group_`, `parent_id`, `create_user`, `create_time`, `update_user`, `update_time`) VALUES (605080648767505601, '0000', '附件列表', '', b'0', '/file/attachment', 'zuihou/file/attachment/Index', b'1', 0, '', '', 107, 1, '2019-07-28 16:54:29', 3, '2019-11-11 14:28:07');
INSERT INTO `c_auth_menu`(`id`, `tenant_code`, `label`, `describe_`, `is_public`, `path`, `component`, `is_enable`, `sort_value`, `icon`, `group_`, `parent_id`, `create_user`, `create_time`, `update_user`, `update_time`) VALUES (605080816296396097, '0000', '定时调度中心', '', b'0', 'http://127.0.0.1:8767/zuihou-jobs-server', 'Layout', b'1', 9, '', '', 104, 1, '2019-07-28 16:55:09', 3, '2019-11-16 10:55:18');
INSERT INTO `c_auth_menu`(`id`, `tenant_code`, `label`, `describe_`, `is_public`, `path`, `component`, `is_enable`, `sort_value`, `icon`, `group_`, `parent_id`, `create_user`, `create_time`, `update_user`, `update_time`) VALUES (605424535633666945, '0000', '接口查询', '', b'0', '/developer/systemApi', 'zuihou/developer/systemApi/Index', b'1', 1, '', '', 104, 1, '2019-07-29 15:40:58', 3, '2019-12-24 14:40:47');
INSERT INTO `c_auth_menu`(`id`, `tenant_code`, `label`, `describe_`, `is_public`, `path`, `component`, `is_enable`, `sort_value`, `icon`, `group_`, `parent_id`, `create_user`, `create_time`, `update_user`, `update_time`) VALUES (643464272629728001, '0000', '务必详看', '', b'1', '/doc', 'zuihou/doc/Index', b'1', 0, 'el-icon-notebook-1', '', 0, 3, '2019-11-11 14:57:18', 3, '2019-11-11 15:01:31');
INSERT INTO `c_auth_menu`(`id`, `tenant_code`, `label`, `describe_`, `is_public`, `path`, `component`, `is_enable`, `sort_value`, `icon`, `group_`, `parent_id`, `create_user`, `create_time`, `update_user`, `update_time`) VALUES (643464392888812545, '0000', '后端代码', '', b'1', 'https://github.com/zuihou/zuihou-admin-cloud', 'Layout', b'1', 1, '', '', 643464272629728001, 3, '2019-11-11 14:57:46', 3, '2019-11-11 15:00:05');
INSERT INTO `c_auth_menu`(`id`, `tenant_code`, `label`, `describe_`, `is_public`, `path`, `component`, `is_enable`, `sort_value`, `icon`, `group_`, `parent_id`, `create_user`, `create_time`, `update_user`, `update_time`) VALUES (643464517879071841, '0000', '租户平台-前端代码', '', b'1', 'https://github.com/zuihou/zuihou-ui', 'Layout', b'1', 2, '', '', 643464272629728001, 3, '2019-11-11 14:58:16', 3, '2019-11-11 15:00:09');
INSERT INTO `c_auth_menu`(`id`, `tenant_code`, `label`, `describe_`, `is_public`, `path`, `component`, `is_enable`, `sort_value`, `icon`, `group_`, `parent_id`, `create_user`, `create_time`, `update_user`, `update_time`) VALUES (643464706228487361, '0000', '运营平台-前端代码', '', b'1', 'https://github.com/zuihou/zuihou-admin-ui', 'Layout', b'1', 3, '', '', 643464272629728001, 3, '2019-11-11 14:59:01', 3, '2019-11-11 15:00:11');
INSERT INTO `c_auth_menu`(`id`, `tenant_code`, `label`, `describe_`, `is_public`, `path`, `component`, `is_enable`, `sort_value`, `icon`, `group_`, `parent_id`, `create_user`, `create_time`, `update_user`, `update_time`) VALUES (643464953478514081, '0000', '在线文档', '', b'1', 'https://www.kancloud.cn/zuihou/zuihou-admin-cloud', 'Layout', b'1', 0, '', '', 643464272629728001, 3, '2019-11-11 15:00:00', 3, '2019-11-11 15:01:36');
INSERT INTO `c_auth_menu`(`id`, `tenant_code`, `label`, `describe_`, `is_public`, `path`, `component`, `is_enable`, `sort_value`, `icon`, `group_`, `parent_id`, `create_user`, `create_time`, `update_user`, `update_time`) VALUES (643874916004790785, '0000', '运营平台演示地址', NULL, b'1', 'http://127.0.0.1:8081/zuihou-admin-ui', 'Layout', b'1', 4, NULL, NULL, 643464272629728001, 3, '2019-11-12 18:09:03', 641577229343523041, '2019-12-04 16:20:13');
INSERT INTO `c_auth_menu`(`id`, `tenant_code`, `label`, `describe_`, `is_public`, `path`, `component`, `is_enable`, `sort_value`, `icon`, `group_`, `parent_id`, `create_user`, `create_time`, `update_user`, `update_time`) VALUES (644111530555611361, '0000', '链路调用监控', '', b'0', 'http://127.0.0.1:8772/zipkin', 'Layout', b'1', 10, '', '', 104, 3, '2019-11-13 09:49:16', 3, '2019-11-13 09:56:51');
INSERT INTO `c_auth_menu`(`id`, `tenant_code`, `label`, `describe_`, `is_public`, `path`, `component`, `is_enable`, `sort_value`, `icon`, `group_`, `parent_id`, `create_user`, `create_time`, `update_user`, `update_time`) VALUES (645215230518909025, '0000', '登录日志', '', b'0', '/developer/loginLog', 'zuihou/developer/loginLog/Index', b'1', 4, '', '', 104, 3, '2019-11-16 10:54:59', 3, '2019-11-16 10:54:59');
INSERT INTO `c_auth_menu`(`id`, `tenant_code`, `label`, `describe_`, `is_public`, `path`, `component`, `is_enable`, `sort_value`, `icon`, `group_`, `parent_id`, `create_user`, `create_time`, `update_user`, `update_time`) VALUES (1225042542827929600, '0000', '参数配置', '', b'0', '/base/parameter', 'zuihou/base/parameter/Index', b'1', 3, '', '', 103, 3, '2020-02-05 21:04:37', 3, '2020-02-05 21:04:37');

INSERT INTO `c_auth_resource`(`id`, `tenant_code`, `code`, `name`, `menu_id`, `describe_`, `create_user`, `create_time`, `update_user`, `update_time`) VALUES (643444685339100193, '0000', 'org:add', '添加', 603982542332235201, '', 3, '2019-11-11 13:39:28', 3, '2019-11-11 13:39:50');
INSERT INTO `c_auth_resource`(`id`, `tenant_code`, `code`, `name`, `menu_id`, `describe_`, `create_user`, `create_time`, `update_user`, `update_time`) VALUES (643444685339100194, '0000', 'role:config', '配置', 603981723864141121, '', 3, '2019-11-11 13:39:28', 3, '2019-11-11 13:39:50');
INSERT INTO `c_auth_resource`(`id`, `tenant_code`, `code`, `name`, `menu_id`, `describe_`, `create_user`, `create_time`, `update_user`, `update_time`) VALUES (643444685339100195, '0000', 'resource:add', '添加', 603976297063910529, '', 3, '2019-11-11 13:39:28', 3, '2019-11-11 13:39:50');
INSERT INTO `c_auth_resource`(`id`, `tenant_code`, `code`, `name`, `menu_id`, `describe_`, `create_user`, `create_time`, `update_user`, `update_time`) VALUES (643444685339100196, '0000', 'resource:update', '修改', 603976297063910529, '', 3, '2019-11-11 13:39:28', 3, '2019-11-11 13:39:50');
INSERT INTO `c_auth_resource`(`id`, `tenant_code`, `code`, `name`, `menu_id`, `describe_`, `create_user`, `create_time`, `update_user`, `update_time`) VALUES (643444685339100197, '0000', 'resource:delete', '删除', 603976297063910529, '', 3, '2019-11-11 13:39:28', 3, '2019-11-11 13:39:50');
INSERT INTO `c_auth_resource`(`id`, `tenant_code`, `code`, `name`, `menu_id`, `describe_`, `create_user`, `create_time`, `update_user`, `update_time`) VALUES (643444819758154945, '0000', 'org:update', '修改', 603982542332235201, '', 3, '2019-11-11 13:40:00', 3, '2019-11-11 13:40:00');
INSERT INTO `c_auth_resource`(`id`, `tenant_code`, `code`, `name`, `menu_id`, `describe_`, `create_user`, `create_time`, `update_user`, `update_time`) VALUES (643444858974897441, '0000', 'org:delete', '删除', 603982542332235201, '', 3, '2019-11-11 13:40:09', 3, '2019-11-11 13:40:09');
INSERT INTO `c_auth_resource`(`id`, `tenant_code`, `code`, `name`, `menu_id`, `describe_`, `create_user`, `create_time`, `update_user`, `update_time`) VALUES (643444897201784193, '0000', 'org:view', '查询', 603982542332235201, '', 3, '2019-11-11 13:40:18', 3, '2019-11-11 13:40:18');
INSERT INTO `c_auth_resource`(`id`, `tenant_code`, `code`, `name`, `menu_id`, `describe_`, `create_user`, `create_time`, `update_user`, `update_time`) VALUES (643444992357959137, '0000', 'org:import', '导入', 603982542332235201, '', 3, '2019-11-11 13:40:41', 3, '2019-11-11 13:40:41');
INSERT INTO `c_auth_resource`(`id`, `tenant_code`, `code`, `name`, `menu_id`, `describe_`, `create_user`, `create_time`, `update_user`, `update_time`) VALUES (643445016773002817, '0000', 'org:export', '导出', 603982542332235201, '', 3, '2019-11-11 13:40:47', 3, '2019-11-11 13:40:47');
INSERT INTO `c_auth_resource`(`id`, `tenant_code`, `code`, `name`, `menu_id`, `describe_`, `create_user`, `create_time`, `update_user`, `update_time`) VALUES (643445116756821697, '0000', 'station:add', '添加', 603982713849908801, '', 3, '2019-11-11 13:41:11', 3, '2019-11-11 13:41:11');
INSERT INTO `c_auth_resource`(`id`, `tenant_code`, `code`, `name`, `menu_id`, `describe_`, `create_user`, `create_time`, `update_user`, `update_time`) VALUES (643445162915137313, '0000', 'station:update', '修改', 603982713849908801, '', 3, '2019-11-11 13:41:22', 3, '2019-11-11 13:41:22');
INSERT INTO `c_auth_resource`(`id`, `tenant_code`, `code`, `name`, `menu_id`, `describe_`, `create_user`, `create_time`, `update_user`, `update_time`) VALUES (643445197954353025, '0000', 'station:delete', '删除', 603982713849908801, '', 3, '2019-11-11 13:41:30', 3, '2019-11-11 13:41:30');
INSERT INTO `c_auth_resource`(`id`, `tenant_code`, `code`, `name`, `menu_id`, `describe_`, `create_user`, `create_time`, `update_user`, `update_time`) VALUES (643445229575210977, '0000', 'station:view', '查看', 603982713849908801, '', 3, '2019-11-11 13:41:38', 3, '2019-11-11 13:41:38');
INSERT INTO `c_auth_resource`(`id`, `tenant_code`, `code`, `name`, `menu_id`, `describe_`, `create_user`, `create_time`, `update_user`, `update_time`) VALUES (643445262110427201, '0000', 'station:export', '导出', 603982713849908801, '', 3, '2019-11-11 13:41:45', 3, '2019-11-11 13:41:45');
INSERT INTO `c_auth_resource`(`id`, `tenant_code`, `code`, `name`, `menu_id`, `describe_`, `create_user`, `create_time`, `update_user`, `update_time`) VALUES (643445283996305569, '0000', 'station:import', '导入', 603982713849908801, '', 3, '2019-11-11 13:41:51', 3, '2019-11-11 13:41:51');
INSERT INTO `c_auth_resource`(`id`, `tenant_code`, `code`, `name`, `menu_id`, `describe_`, `create_user`, `create_time`, `update_user`, `update_time`) VALUES (643445352703199521, '0000', 'user:add', '添加', 603983082961243905, '', 3, '2019-11-11 13:42:07', 3, '2019-11-11 13:42:07');
INSERT INTO `c_auth_resource`(`id`, `tenant_code`, `code`, `name`, `menu_id`, `describe_`, `create_user`, `create_time`, `update_user`, `update_time`) VALUES (643445412774021505, '0000', 'user:update', '修改', 603983082961243905, '', 3, '2019-11-11 13:42:21', 3, '2019-11-11 13:42:21');
INSERT INTO `c_auth_resource`(`id`, `tenant_code`, `code`, `name`, `menu_id`, `describe_`, `create_user`, `create_time`, `update_user`, `update_time`) VALUES (643445448081672673, '0000', 'user:delete', '删除', 603983082961243905, '', 3, '2019-11-11 13:42:30', 3, '2019-11-11 13:42:30');
INSERT INTO `c_auth_resource`(`id`, `tenant_code`, `code`, `name`, `menu_id`, `describe_`, `create_user`, `create_time`, `update_user`, `update_time`) VALUES (643445477274028609, '0000', 'user:view', '查看', 603983082961243905, '', 3, '2019-11-11 13:42:37', 3, '2019-11-11 13:42:37');
INSERT INTO `c_auth_resource`(`id`, `tenant_code`, `code`, `name`, `menu_id`, `describe_`, `create_user`, `create_time`, `update_user`, `update_time`) VALUES (643445514607528609, '0000', 'user:import', '导入', 603983082961243905, '', 3, '2019-11-11 13:42:46', 3, '2019-11-11 13:42:46');
INSERT INTO `c_auth_resource`(`id`, `tenant_code`, `code`, `name`, `menu_id`, `describe_`, `create_user`, `create_time`, `update_user`, `update_time`) VALUES (643445542076025601, '0000', 'user:export', '导出', 603983082961243905, '', 3, '2019-11-11 13:42:52', 3, '2019-11-11 13:42:52');
INSERT INTO `c_auth_resource`(`id`, `tenant_code`, `code`, `name`, `menu_id`, `describe_`, `create_user`, `create_time`, `update_user`, `update_time`) VALUES (643445641149680705, '0000', 'menu:add', '添加', 603976297063910529, '', 3, '2019-11-11 13:43:16', 3, '2019-11-11 13:43:16');
INSERT INTO `c_auth_resource`(`id`, `tenant_code`, `code`, `name`, `menu_id`, `describe_`, `create_user`, `create_time`, `update_user`, `update_time`) VALUES (643445674330819745, '0000', 'menu:update', '修改', 603976297063910529, '', 3, '2019-11-11 13:43:24', 3, '2019-11-11 13:43:24');
INSERT INTO `c_auth_resource`(`id`, `tenant_code`, `code`, `name`, `menu_id`, `describe_`, `create_user`, `create_time`, `update_user`, `update_time`) VALUES (643445704177487105, '0000', 'menu:delete', '删除', 603976297063910529, '', 3, '2019-11-11 13:43:31', 3, '2019-11-11 13:43:31');
INSERT INTO `c_auth_resource`(`id`, `tenant_code`, `code`, `name`, `menu_id`, `describe_`, `create_user`, `create_time`, `update_user`, `update_time`) VALUES (643445747320098145, '0000', 'menu:view', '查看', 603976297063910529, '', 3, '2019-11-11 13:43:41', 3, '2019-11-11 13:43:41');
INSERT INTO `c_auth_resource`(`id`, `tenant_code`, `code`, `name`, `menu_id`, `describe_`, `create_user`, `create_time`, `update_user`, `update_time`) VALUES (643445774687931841, '0000', 'menu:export', '导出', 603976297063910529, '', 3, '2019-11-11 13:43:48', 3, '2019-11-11 13:43:48');
INSERT INTO `c_auth_resource`(`id`, `tenant_code`, `code`, `name`, `menu_id`, `describe_`, `create_user`, `create_time`, `update_user`, `update_time`) VALUES (643445802106097185, '0000', 'menu:import', '导入', 603976297063910529, '', 3, '2019-11-11 13:43:54', 3, '2019-11-11 13:43:54');
INSERT INTO `c_auth_resource`(`id`, `tenant_code`, `code`, `name`, `menu_id`, `describe_`, `create_user`, `create_time`, `update_user`, `update_time`) VALUES (643448338154263521, '0000', 'role:add', '添加', 603981723864141121, '', 3, '2019-11-11 13:53:59', 3, '2019-11-11 13:53:59');
INSERT INTO `c_auth_resource`(`id`, `tenant_code`, `code`, `name`, `menu_id`, `describe_`, `create_user`, `create_time`, `update_user`, `update_time`) VALUES (643448369779315777, '0000', 'role:update', '修改', 603981723864141121, '', 3, '2019-11-11 13:54:06', 3, '2019-11-11 13:54:06');
INSERT INTO `c_auth_resource`(`id`, `tenant_code`, `code`, `name`, `menu_id`, `describe_`, `create_user`, `create_time`, `update_user`, `update_time`) VALUES (643448507767723169, '0000', 'role:delete', '删除', 603981723864141121, '', 3, '2019-11-11 13:54:39', 3, '2019-11-11 13:54:39');
INSERT INTO `c_auth_resource`(`id`, `tenant_code`, `code`, `name`, `menu_id`, `describe_`, `create_user`, `create_time`, `update_user`, `update_time`) VALUES (643448611161511169, '0000', 'role:view', '查看', 603981723864141121, '', 3, '2019-11-11 13:55:04', 3, '2019-11-11 13:55:04');
INSERT INTO `c_auth_resource`(`id`, `tenant_code`, `code`, `name`, `menu_id`, `describe_`, `create_user`, `create_time`, `update_user`, `update_time`) VALUES (643448656451605857, '0000', 'role:export', '导出', 603981723864141121, '', 3, '2019-11-11 13:55:15', 3, '2019-11-11 13:55:15');
INSERT INTO `c_auth_resource`(`id`, `tenant_code`, `code`, `name`, `menu_id`, `describe_`, `create_user`, `create_time`, `update_user`, `update_time`) VALUES (643448730950833601, '0000', 'role:import', '导入', 603981723864141121, '', 3, '2019-11-11 13:55:32', 3, '2019-11-11 13:55:32');
INSERT INTO `c_auth_resource`(`id`, `tenant_code`, `code`, `name`, `menu_id`, `describe_`, `create_user`, `create_time`, `update_user`, `update_time`) VALUES (643448826945869409, '0000', 'role:auth', '授权', 603981723864141121, '', 3, '2019-11-11 13:55:55', 3, '2019-11-11 13:55:55');
INSERT INTO `c_auth_resource`(`id`, `tenant_code`, `code`, `name`, `menu_id`, `describe_`, `create_user`, `create_time`, `update_user`, `update_time`) VALUES (643449540959016737, '0000', 'dict:add', '添加', 605078371293987105, '', 3, '2019-11-11 13:58:45', 3, '2019-11-11 13:58:45');
INSERT INTO `c_auth_resource`(`id`, `tenant_code`, `code`, `name`, `menu_id`, `describe_`, `create_user`, `create_time`, `update_user`, `update_time`) VALUES (643449573045442433, '0000', 'dict:update', '修改', 605078371293987105, '', 3, '2019-11-11 13:58:53', 3, '2019-11-11 13:58:53');
INSERT INTO `c_auth_resource`(`id`, `tenant_code`, `code`, `name`, `menu_id`, `describe_`, `create_user`, `create_time`, `update_user`, `update_time`) VALUES (643449629173618657, '0000', 'dict:view', '查看', 605078371293987105, '', 3, '2019-11-11 13:59:07', 3, '2019-11-11 13:59:07');
INSERT INTO `c_auth_resource`(`id`, `tenant_code`, `code`, `name`, `menu_id`, `describe_`, `create_user`, `create_time`, `update_user`, `update_time`) VALUES (643449944866297985, '0000', 'dict:delete', '删除', 605078371293987105, '', 3, '2019-11-11 14:00:22', 3, '2019-11-11 14:00:22');
INSERT INTO `c_auth_resource`(`id`, `tenant_code`, `code`, `name`, `menu_id`, `describe_`, `create_user`, `create_time`, `update_user`, `update_time`) VALUES (643449998909905121, '0000', 'dict:export', '导出', 605078371293987105, '', 3, '2019-11-11 14:00:35', 3, '2019-11-11 14:00:35');
INSERT INTO `c_auth_resource`(`id`, `tenant_code`, `code`, `name`, `menu_id`, `describe_`, `create_user`, `create_time`, `update_user`, `update_time`) VALUES (643450072595437889, '0000', 'dict:import', '导入', 605078371293987105, '', 3, '2019-11-11 14:00:52', 3, '2019-11-11 14:00:52');
INSERT INTO `c_auth_resource`(`id`, `tenant_code`, `code`, `name`, `menu_id`, `describe_`, `create_user`, `create_time`, `update_user`, `update_time`) VALUES (643450171333548481, '0000', 'area:add', '添加', 605078463069552993, '', 3, '2019-11-11 14:01:16', 3, '2019-11-11 14:01:16');
INSERT INTO `c_auth_resource`(`id`, `tenant_code`, `code`, `name`, `menu_id`, `describe_`, `create_user`, `create_time`, `update_user`, `update_time`) VALUES (643450210449627681, '0000', 'area:update', '修改', 605078463069552993, '', 3, '2019-11-11 14:01:25', 3, '2019-11-11 14:01:25');
INSERT INTO `c_auth_resource`(`id`, `tenant_code`, `code`, `name`, `menu_id`, `describe_`, `create_user`, `create_time`, `update_user`, `update_time`) VALUES (643450295858240129, '0000', 'area:delete', '删除', 605078463069552993, '', 3, '2019-11-11 14:01:45', 3, '2019-11-11 14:01:45');
INSERT INTO `c_auth_resource`(`id`, `tenant_code`, `code`, `name`, `menu_id`, `describe_`, `create_user`, `create_time`, `update_user`, `update_time`) VALUES (643450326619265761, '0000', 'area:view', '查看', 605078463069552993, '', 3, '2019-11-11 14:01:53', 3, '2019-11-11 14:01:53');
INSERT INTO `c_auth_resource`(`id`, `tenant_code`, `code`, `name`, `menu_id`, `describe_`, `create_user`, `create_time`, `update_user`, `update_time`) VALUES (643450551291353921, '0000', 'area:export', '导出', 605078463069552993, '', 3, '2019-11-11 14:02:46', 3, '2019-11-11 14:02:46');
INSERT INTO `c_auth_resource`(`id`, `tenant_code`, `code`, `name`, `menu_id`, `describe_`, `create_user`, `create_time`, `update_user`, `update_time`) VALUES (643450602218593185, '0000', 'area:import', '导入', 605078463069552993, '', 3, '2019-11-11 14:02:59', 3, '2019-11-11 14:02:59');
INSERT INTO `c_auth_resource`(`id`, `tenant_code`, `code`, `name`, `menu_id`, `describe_`, `create_user`, `create_time`, `update_user`, `update_time`) VALUES (643450770317909249, '0000', 'optLog:view', '查看', 605078672772170209, '', 3, '2019-11-11 14:03:39', 3, '2019-11-11 14:03:39');
INSERT INTO `c_auth_resource`(`id`, `tenant_code`, `code`, `name`, `menu_id`, `describe_`, `create_user`, `create_time`, `update_user`, `update_time`) VALUES (643450853134441825, '0000', 'optLog:export', '导出', 605078672772170209, '', 3, '2019-11-11 14:03:58', 3, '2019-11-11 14:03:58');
INSERT INTO `c_auth_resource`(`id`, `tenant_code`, `code`, `name`, `menu_id`, `describe_`, `create_user`, `create_time`, `update_user`, `update_time`) VALUES (643451893279892129, '0000', 'msgs:view', '查看', 605080023753294753, '', 3, '2019-11-11 14:08:06', 3, '2019-11-11 14:08:06');
INSERT INTO `c_auth_resource`(`id`, `tenant_code`, `code`, `name`, `menu_id`, `describe_`, `create_user`, `create_time`, `update_user`, `update_time`) VALUES (643451945020826369, '0000', 'msgs:delete', '删除', 605080023753294753, '', 3, '2019-11-11 14:08:19', 3, '2019-11-11 14:08:19');
INSERT INTO `c_auth_resource`(`id`, `tenant_code`, `code`, `name`, `menu_id`, `describe_`, `create_user`, `create_time`, `update_user`, `update_time`) VALUES (643451994945626977, '0000', 'msgs:update', '修改', 605080023753294753, '', 3, '2019-11-11 14:08:31', 3, '2019-11-11 14:08:31');
INSERT INTO `c_auth_resource`(`id`, `tenant_code`, `code`, `name`, `menu_id`, `describe_`, `create_user`, `create_time`, `update_user`, `update_time`) VALUES (643452086981239745, '0000', 'msgs:export', '导出', 605080023753294753, '', 3, '2019-11-11 14:08:53', 3, '2019-11-11 14:08:53');
INSERT INTO `c_auth_resource`(`id`, `tenant_code`, `code`, `name`, `menu_id`, `describe_`, `create_user`, `create_time`, `update_user`, `update_time`) VALUES (643452393857492033, '0000', 'sms:template:add', '添加', 605080107379327969, '', 3, '2019-11-11 14:10:06', 3, '2019-11-11 14:10:06');
INSERT INTO `c_auth_resource`(`id`, `tenant_code`, `code`, `name`, `menu_id`, `describe_`, `create_user`, `create_time`, `update_user`, `update_time`) VALUES (643452429496493217, '0000', 'sms:template:update', '修改', 605080107379327969, '', 3, '2019-11-11 14:10:14', 3, '2019-11-11 14:10:14');
INSERT INTO `c_auth_resource`(`id`, `tenant_code`, `code`, `name`, `menu_id`, `describe_`, `create_user`, `create_time`, `update_user`, `update_time`) VALUES (643452458693043457, '0000', 'sms:template:view', '查看', 605080107379327969, '', 3, '2019-11-11 14:10:21', 3, '2019-11-11 14:10:21');
INSERT INTO `c_auth_resource`(`id`, `tenant_code`, `code`, `name`, `menu_id`, `describe_`, `create_user`, `create_time`, `update_user`, `update_time`) VALUES (643452488447436129, '0000', 'sms:template:delete', '删除', 605080107379327969, '', 3, '2019-11-11 14:10:28', 3, '2019-11-11 14:10:28');
INSERT INTO `c_auth_resource`(`id`, `tenant_code`, `code`, `name`, `menu_id`, `describe_`, `create_user`, `create_time`, `update_user`, `update_time`) VALUES (643452536954561985, '0000', 'sms:template:import', '导入', 605080107379327969, '', 3, '2019-11-11 14:10:40', 3, '2019-11-11 14:10:40');
INSERT INTO `c_auth_resource`(`id`, `tenant_code`, `code`, `name`, `menu_id`, `describe_`, `create_user`, `create_time`, `update_user`, `update_time`) VALUES (643452571645650465, '0000', 'sms:template:export', '导入', 605080107379327969, '', 3, '2019-11-11 14:10:48', 3, '2019-11-11 14:10:48');
INSERT INTO `c_auth_resource`(`id`, `tenant_code`, `code`, `name`, `menu_id`, `describe_`, `create_user`, `create_time`, `update_user`, `update_time`) VALUES (643454073500084577, '0000', 'sms:manage:add', '添加', 605080359394083937, '', 3, '2019-11-11 14:16:46', 3, '2019-11-11 14:16:46');
INSERT INTO `c_auth_resource`(`id`, `tenant_code`, `code`, `name`, `menu_id`, `describe_`, `create_user`, `create_time`, `update_user`, `update_time`) VALUES (643454110992968129, '0000', 'sms:manage:update', '修改', 605080359394083937, '', 3, '2019-11-11 14:16:55', 3, '2019-11-11 14:16:55');
INSERT INTO `c_auth_resource`(`id`, `tenant_code`, `code`, `name`, `menu_id`, `describe_`, `create_user`, `create_time`, `update_user`, `update_time`) VALUES (643454150905965089, '0000', 'sms:manage:view', '查看', 605080359394083937, '', 3, '2019-11-11 14:17:05', 3, '2019-11-11 14:17:05');
INSERT INTO `c_auth_resource`(`id`, `tenant_code`, `code`, `name`, `menu_id`, `describe_`, `create_user`, `create_time`, `update_user`, `update_time`) VALUES (643454825052252961, '0000', 'sms:manage:delete', '删除', 605080359394083937, '', 3, '2019-11-11 14:19:45', 3, '2019-11-11 14:19:45');
INSERT INTO `c_auth_resource`(`id`, `tenant_code`, `code`, `name`, `menu_id`, `describe_`, `create_user`, `create_time`, `update_user`, `update_time`) VALUES (643455175503129569, '0000', 'sms:manage:export', '导出', 605080359394083937, '', 3, '2019-11-11 14:21:09', 3, '2019-11-11 14:26:05');
INSERT INTO `c_auth_resource`(`id`, `tenant_code`, `code`, `name`, `menu_id`, `describe_`, `create_user`, `create_time`, `update_user`, `update_time`) VALUES (643455720519380097, '0000', 'sms:manage:import', '导入', 605080359394083937, '', 3, '2019-11-11 14:23:19', 3, '2019-11-11 14:23:19');
INSERT INTO `c_auth_resource`(`id`, `tenant_code`, `code`, `name`, `menu_id`, `describe_`, `create_user`, `create_time`, `update_user`, `update_time`) VALUES (643456690892582401, '0000', 'file:add', '添加', 605080648767505601, '', 3, '2019-11-11 14:27:10', 3, '2019-11-11 14:27:10');
INSERT INTO `c_auth_resource`(`id`, `tenant_code`, `code`, `name`, `menu_id`, `describe_`, `create_user`, `create_time`, `update_user`, `update_time`) VALUES (643456724186967649, '0000', 'file:update', '修改', 605080648767505601, '', 3, '2019-11-11 14:27:18', 3, '2019-11-11 14:27:18');
INSERT INTO `c_auth_resource`(`id`, `tenant_code`, `code`, `name`, `menu_id`, `describe_`, `create_user`, `create_time`, `update_user`, `update_time`) VALUES (643456761927315137, '0000', 'file:delete', '删除', 605080648767505601, '', 3, '2019-11-11 14:27:27', 3, '2019-11-11 14:27:27');
INSERT INTO `c_auth_resource`(`id`, `tenant_code`, `code`, `name`, `menu_id`, `describe_`, `create_user`, `create_time`, `update_user`, `update_time`) VALUES (643456789920100129, '0000', 'file:view', '查看', 605080648767505601, '', 3, '2019-11-11 14:27:34', 3, '2019-11-11 14:27:34');
INSERT INTO `c_auth_resource`(`id`, `tenant_code`, `code`, `name`, `menu_id`, `describe_`, `create_user`, `create_time`, `update_user`, `update_time`) VALUES (643456884694593409, '0000', 'file:download', '下载', 605080648767505601, '', 3, '2019-11-11 14:27:56', 3, '2019-11-11 14:27:56');
INSERT INTO `c_auth_resource`(`id`, `tenant_code`, `code`, `name`, `menu_id`, `describe_`, `create_user`, `create_time`, `update_user`, `update_time`) VALUES (645288214990422241, '0000', 'optLog:delete', '删除', 605078672772170209, '', 3, '2019-11-16 15:45:00', 3, '2019-11-16 15:45:00');
INSERT INTO `c_auth_resource`(`id`, `tenant_code`, `code`, `name`, `menu_id`, `describe_`, `create_user`, `create_time`, `update_user`, `update_time`) VALUES (645288283693121889, '0000', 'loginLog:delete', '删除', 645215230518909025, '', 3, '2019-11-16 15:45:16', 3, '2019-11-16 15:45:16');
INSERT INTO `c_auth_resource`(`id`, `tenant_code`, `code`, `name`, `menu_id`, `describe_`, `create_user`, `create_time`, `update_user`, `update_time`) VALUES (645288375300915649, '0000', 'loginLog:export', '导出', 645215230518909025, '', 3, '2019-11-16 15:45:38', 3, '2019-11-16 15:45:38');
INSERT INTO `c_auth_resource`(`id`, `tenant_code`, `code`, `name`, `menu_id`, `describe_`, `create_user`, `create_time`, `update_user`, `update_time`) VALUES (658002570005972001, '0000', 'msgs:add', '新增', 605080023753294753, '', 3, '2019-12-21 17:47:18', 3, '2019-12-21 17:47:18');
INSERT INTO `c_auth_resource`(`id`, `tenant_code`, `code`, `name`, `menu_id`, `describe_`, `create_user`, `create_time`, `update_user`, `update_time`) VALUES (658002632467547265, '0000', 'msgs:mark', '标记已读', 605080023753294753, '', 3, '2019-12-21 17:47:33', 3, '2019-12-21 17:47:33');
INSERT INTO `c_auth_resource`(`id`, `tenant_code`, `code`, `name`, `menu_id`, `describe_`, `create_user`, `create_time`, `update_user`, `update_time`) VALUES (659045058871296641, '0000', 'systemApi:add', '新增', 605424535633666945, '', 3, '2019-12-24 14:49:47', 3, '2019-12-24 14:49:47');
INSERT INTO `c_auth_resource`(`id`, `tenant_code`, `code`, `name`, `menu_id`, `describe_`, `create_user`, `create_time`, `update_user`, `update_time`) VALUES (659045100646564577, '0000', 'systemApi:delete', '删除', 605424535633666945, '', 3, '2019-12-24 14:49:57', 3, '2019-12-24 14:49:57');
INSERT INTO `c_auth_resource`(`id`, `tenant_code`, `code`, `name`, `menu_id`, `describe_`, `create_user`, `create_time`, `update_user`, `update_time`) VALUES (659045145735332673, '0000', 'systemApi:update', '修改', 605424535633666945, '', 3, '2019-12-24 14:50:07', 3, '2019-12-24 14:50:07');
INSERT INTO `c_auth_resource`(`id`, `tenant_code`, `code`, `name`, `menu_id`, `describe_`, `create_user`, `create_time`, `update_user`, `update_time`) VALUES (659045207890723745, '0000', 'systemApi:export', '导出', 605424535633666945, '', 3, '2019-12-24 14:50:22', 3, '2019-12-24 14:50:22');
INSERT INTO `c_auth_resource`(`id`, `tenant_code`, `code`, `name`, `menu_id`, `describe_`, `create_user`, `create_time`, `update_user`, `update_time`) VALUES (659430164874134689, '0000', 'systemApi:view', '查看', 605424535633666945, '', 3, '2019-12-25 16:20:03', 3, '2019-12-25 16:20:03');
INSERT INTO `c_auth_resource`(`id`, `tenant_code`, `code`, `name`, `menu_id`, `describe_`, `create_user`, `create_time`, `update_user`, `update_time`) VALUES (659702641965662497, '0000', 'application:add', '新增', 605078538881597857, '', 3, '2019-12-26 10:22:47', 3, '2019-12-26 10:22:47');
INSERT INTO `c_auth_resource`(`id`, `tenant_code`, `code`, `name`, `menu_id`, `describe_`, `create_user`, `create_time`, `update_user`, `update_time`) VALUES (659702674622513537, '0000', 'application:update', '修改', 605078538881597857, '', 3, '2019-12-26 10:22:55', 3, '2019-12-26 10:22:55');
INSERT INTO `c_auth_resource`(`id`, `tenant_code`, `code`, `name`, `menu_id`, `describe_`, `create_user`, `create_time`, `update_user`, `update_time`) VALUES (659702756889592289, '0000', 'application:delete', '删除', 605078538881597857, '', 3, '2019-12-26 10:23:14', 3, '2019-12-26 10:23:14');
INSERT INTO `c_auth_resource`(`id`, `tenant_code`, `code`, `name`, `menu_id`, `describe_`, `create_user`, `create_time`, `update_user`, `update_time`) VALUES (659702791312245313, '0000', 'application:view', '查看', 605078538881597857, '', 3, '2019-12-26 10:23:22', 3, '2019-12-26 10:23:22');
INSERT INTO `c_auth_resource`(`id`, `tenant_code`, `code`, `name`, `menu_id`, `describe_`, `create_user`, `create_time`, `update_user`, `update_time`) VALUES (659702853945787041, '0000', 'application:export', '导出', 605078538881597857, '', 3, '2019-12-26 10:23:37', 3, '2019-12-26 10:23:37');
INSERT INTO `c_auth_resource`(`id`, `tenant_code`, `code`, `name`, `menu_id`, `describe_`, `create_user`, `create_time`, `update_user`, `update_time`) VALUES (1225042691843162112, '0000', 'parameter:add', '添加', 1225042542827929600, '', 3, '2020-02-05 21:05:13', 3, '2020-02-05 21:05:13');
INSERT INTO `c_auth_resource`(`id`, `tenant_code`, `code`, `name`, `menu_id`, `describe_`, `create_user`, `create_time`, `update_user`, `update_time`) VALUES (1225042821497487360, '0000', 'parameter:update', '修改', 1225042542827929600, '', 3, '2020-02-05 21:05:43', 3, '2020-02-05 21:05:43');
INSERT INTO `c_auth_resource`(`id`, `tenant_code`, `code`, `name`, `menu_id`, `describe_`, `create_user`, `create_time`, `update_user`, `update_time`) VALUES (1225042949172101120, '0000', 'parameter:delete', '删除', 1225042542827929600, '', 3, '2020-02-05 21:06:14', 3, '2020-02-05 21:06:14');
INSERT INTO `c_auth_resource`(`id`, `tenant_code`, `code`, `name`, `menu_id`, `describe_`, `create_user`, `create_time`, `update_user`, `update_time`) VALUES (1225043012455759872, '0000', 'parameter:export', '导出', 1225042542827929600, '', 3, '2020-02-05 21:06:29', 3, '2020-02-05 21:06:29');
INSERT INTO `c_auth_resource`(`id`, `tenant_code`, `code`, `name`, `menu_id`, `describe_`, `create_user`, `create_time`, `update_user`, `update_time`) VALUES (1237035586045345792, '0000', 'parameter:import', '导入', 1225042542827929600, '', 3, '2020-03-09 23:20:41', 3, '2020-03-09 23:20:41');
INSERT INTO `c_auth_resource`(`id`, `tenant_code`, `code`, `name`, `menu_id`, `describe_`, `create_user`, `create_time`, `update_user`, `update_time`) VALUES (1237035798587506688, '0000', 'msgs:import', '导入', 605080023753294753, '', 3, '2020-03-09 23:21:32', 3, '2020-03-09 23:21:32');

INSERT INTO `c_auth_role`(`id`, `tenant_code`, `name`, `code`, `describe_`, `status`, `readonly`, `ds_type`, `create_user`, `create_time`, `update_user`, `update_time`) VALUES (100, '0000', '平台管理员', 'PT_ADMIN', '平台内置管理员', b'1', b'1', 'ALL', 1, '2019-10-25 13:46:00', 3, '2020-02-13 11:05:28');

INSERT INTO `c_auth_role_authority`(`id`, `tenant_code`, `authority_id`, `authority_type`, `role_id`, `create_time`, `create_user`) VALUES (1237036116683522048, '0000', 643444685339100197, 'RESOURCE', 100, '2020-03-09 23:22:48', 3);
INSERT INTO `c_auth_role_authority`(`id`, `tenant_code`, `authority_id`, `authority_type`, `role_id`, `create_time`, `create_user`) VALUES (1237036116700299264, '0000', 643445116756821697, 'RESOURCE', 100, '2020-03-09 23:22:48', 3);
INSERT INTO `c_auth_role_authority`(`id`, `tenant_code`, `authority_id`, `authority_type`, `role_id`, `create_time`, `create_user`) VALUES (1237036116700299265, '0000', 643444685339100196, 'RESOURCE', 100, '2020-03-09 23:22:48', 3);
INSERT INTO `c_auth_role_authority`(`id`, `tenant_code`, `authority_id`, `authority_type`, `role_id`, `create_time`, `create_user`) VALUES (1237036116704493568, '0000', 643450072595437889, 'RESOURCE', 100, '2020-03-09 23:22:48', 3);
INSERT INTO `c_auth_role_authority`(`id`, `tenant_code`, `authority_id`, `authority_type`, `role_id`, `create_time`, `create_user`) VALUES (1237036116704493569, '0000', 643444685339100193, 'RESOURCE', 100, '2020-03-09 23:22:48', 3);
INSERT INTO `c_auth_role_authority`(`id`, `tenant_code`, `authority_id`, `authority_type`, `role_id`, `create_time`, `create_user`) VALUES (1237036116708687872, '0000', 643444685339100195, 'RESOURCE', 100, '2020-03-09 23:22:48', 3);
INSERT INTO `c_auth_role_authority`(`id`, `tenant_code`, `authority_id`, `authority_type`, `role_id`, `create_time`, `create_user`) VALUES (1237036116708687873, '0000', 659702853945787041, 'RESOURCE', 100, '2020-03-09 23:22:48', 3);
INSERT INTO `c_auth_role_authority`(`id`, `tenant_code`, `authority_id`, `authority_type`, `role_id`, `create_time`, `create_user`) VALUES (1237036116712882176, '0000', 643444685339100194, 'RESOURCE', 100, '2020-03-09 23:22:48', 3);
INSERT INTO `c_auth_role_authority`(`id`, `tenant_code`, `authority_id`, `authority_type`, `role_id`, `create_time`, `create_user`) VALUES (1237036116717076480, '0000', 1225042949172101120, 'RESOURCE', 100, '2020-03-09 23:22:48', 3);
INSERT INTO `c_auth_role_authority`(`id`, `tenant_code`, `authority_id`, `authority_type`, `role_id`, `create_time`, `create_user`) VALUES (1237036116717076481, '0000', 643445197954353025, 'RESOURCE', 100, '2020-03-09 23:22:48', 3);
INSERT INTO `c_auth_role_authority`(`id`, `tenant_code`, `authority_id`, `authority_type`, `role_id`, `create_time`, `create_user`) VALUES (1237036116717076482, '0000', 1232574830335754240, 'RESOURCE', 100, '2020-03-09 23:22:48', 3);
INSERT INTO `c_auth_role_authority`(`id`, `tenant_code`, `authority_id`, `authority_type`, `role_id`, `create_time`, `create_user`) VALUES (1237036116721270784, '0000', 1225043012455759872, 'RESOURCE', 100, '2020-03-09 23:22:48', 3);
INSERT INTO `c_auth_role_authority`(`id`, `tenant_code`, `authority_id`, `authority_type`, `role_id`, `create_time`, `create_user`) VALUES (1237036116721270785, '0000', 643445262110427201, 'RESOURCE', 100, '2020-03-09 23:22:48', 3);
INSERT INTO `c_auth_role_authority`(`id`, `tenant_code`, `authority_id`, `authority_type`, `role_id`, `create_time`, `create_user`) VALUES (1237036116721270786, '0000', 643450853134441825, 'RESOURCE', 100, '2020-03-09 23:22:48', 3);
INSERT INTO `c_auth_role_authority`(`id`, `tenant_code`, `authority_id`, `authority_type`, `role_id`, `create_time`, `create_user`) VALUES (1237036116725465088, '0000', 643445774687931841, 'RESOURCE', 100, '2020-03-09 23:22:48', 3);
INSERT INTO `c_auth_role_authority`(`id`, `tenant_code`, `authority_id`, `authority_type`, `role_id`, `create_time`, `create_user`) VALUES (1237036116729659392, '0000', 1225984228617879552, 'RESOURCE', 100, '2020-03-09 23:22:48', 3);
INSERT INTO `c_auth_role_authority`(`id`, `tenant_code`, `authority_id`, `authority_type`, `role_id`, `create_time`, `create_user`) VALUES (1237036116729659393, '0000', 659702756889592289, 'RESOURCE', 100, '2020-03-09 23:22:48', 3);
INSERT INTO `c_auth_role_authority`(`id`, `tenant_code`, `authority_id`, `authority_type`, `role_id`, `create_time`, `create_user`) VALUES (1237036116733853696, '0000', 643450551291353921, 'RESOURCE', 100, '2020-03-09 23:22:48', 3);
INSERT INTO `c_auth_role_authority`(`id`, `tenant_code`, `authority_id`, `authority_type`, `role_id`, `create_time`, `create_user`) VALUES (1237036116733853697, '0000', 643452458693043457, 'RESOURCE', 100, '2020-03-09 23:22:48', 3);
INSERT INTO `c_auth_role_authority`(`id`, `tenant_code`, `authority_id`, `authority_type`, `role_id`, `create_time`, `create_user`) VALUES (1237036116738048000, '0000', 643454110992968129, 'RESOURCE', 100, '2020-03-09 23:22:48', 3);
INSERT INTO `c_auth_role_authority`(`id`, `tenant_code`, `authority_id`, `authority_type`, `role_id`, `create_time`, `create_user`) VALUES (1237036116738048001, '0000', 643445016773002817, 'RESOURCE', 100, '2020-03-09 23:22:48', 3);
INSERT INTO `c_auth_role_authority`(`id`, `tenant_code`, `authority_id`, `authority_type`, `role_id`, `create_time`, `create_user`) VALUES (1237036116738048002, '0000', 659430164874134689, 'RESOURCE', 100, '2020-03-09 23:22:48', 3);
INSERT INTO `c_auth_role_authority`(`id`, `tenant_code`, `authority_id`, `authority_type`, `role_id`, `create_time`, `create_user`) VALUES (1237036116742242304, '0000', 643445162915137313, 'RESOURCE', 100, '2020-03-09 23:22:48', 3);
INSERT INTO `c_auth_role_authority`(`id`, `tenant_code`, `authority_id`, `authority_type`, `role_id`, `create_time`, `create_user`) VALUES (1237036116746436608, '0000', 643445229575210977, 'RESOURCE', 100, '2020-03-09 23:22:48', 3);
INSERT INTO `c_auth_role_authority`(`id`, `tenant_code`, `authority_id`, `authority_type`, `role_id`, `create_time`, `create_user`) VALUES (1237036116750630912, '0000', 1225984389242945536, 'RESOURCE', 100, '2020-03-09 23:22:48', 3);
INSERT INTO `c_auth_role_authority`(`id`, `tenant_code`, `authority_id`, `authority_type`, `role_id`, `create_time`, `create_user`) VALUES (1237036116750630913, '0000', 643448369779315777, 'RESOURCE', 100, '2020-03-09 23:22:48', 3);
INSERT INTO `c_auth_role_authority`(`id`, `tenant_code`, `authority_id`, `authority_type`, `role_id`, `create_time`, `create_user`) VALUES (1237036116750630914, '0000', 643454825052252961, 'RESOURCE', 100, '2020-03-09 23:22:48', 3);
INSERT INTO `c_auth_role_authority`(`id`, `tenant_code`, `authority_id`, `authority_type`, `role_id`, `create_time`, `create_user`) VALUES (1237036116754825216, '0000', 643456884694593409, 'RESOURCE', 100, '2020-03-09 23:22:48', 3);
INSERT INTO `c_auth_role_authority`(`id`, `tenant_code`, `authority_id`, `authority_type`, `role_id`, `create_time`, `create_user`) VALUES (1237036116754825217, '0000', 658002570005972001, 'RESOURCE', 100, '2020-03-09 23:22:48', 3);
INSERT INTO `c_auth_role_authority`(`id`, `tenant_code`, `authority_id`, `authority_type`, `role_id`, `create_time`, `create_user`) VALUES (1237036116754825218, '0000', 643451893279892129, 'RESOURCE', 100, '2020-03-09 23:22:48', 3);
INSERT INTO `c_auth_role_authority`(`id`, `tenant_code`, `authority_id`, `authority_type`, `role_id`, `create_time`, `create_user`) VALUES (1237036116754825219, '0000', 643445704177487105, 'RESOURCE', 100, '2020-03-09 23:22:48', 3);
INSERT INTO `c_auth_role_authority`(`id`, `tenant_code`, `authority_id`, `authority_type`, `role_id`, `create_time`, `create_user`) VALUES (1237036116759019520, '0000', 659045058871296641, 'RESOURCE', 100, '2020-03-09 23:22:48', 3);
INSERT INTO `c_auth_role_authority`(`id`, `tenant_code`, `authority_id`, `authority_type`, `role_id`, `create_time`, `create_user`) VALUES (1237036116759019521, '0000', 643445283996305569, 'RESOURCE', 100, '2020-03-09 23:22:48', 3);
INSERT INTO `c_auth_role_authority`(`id`, `tenant_code`, `authority_id`, `authority_type`, `role_id`, `create_time`, `create_user`) VALUES (1237036116759019522, '0000', 643451994945626977, 'RESOURCE', 100, '2020-03-09 23:22:48', 3);
INSERT INTO `c_auth_role_authority`(`id`, `tenant_code`, `authority_id`, `authority_type`, `role_id`, `create_time`, `create_user`) VALUES (1237036116763213824, '0000', 643445542076025601, 'RESOURCE', 100, '2020-03-09 23:22:48', 3);
INSERT INTO `c_auth_role_authority`(`id`, `tenant_code`, `authority_id`, `authority_type`, `role_id`, `create_time`, `create_user`) VALUES (1237036116763213825, '0000', 645288214990422241, 'RESOURCE', 100, '2020-03-09 23:22:48', 3);
INSERT INTO `c_auth_role_authority`(`id`, `tenant_code`, `authority_id`, `authority_type`, `role_id`, `create_time`, `create_user`) VALUES (1237036116763213826, '0000', 643450326619265761, 'RESOURCE', 100, '2020-03-09 23:22:48', 3);
INSERT INTO `c_auth_role_authority`(`id`, `tenant_code`, `authority_id`, `authority_type`, `role_id`, `create_time`, `create_user`) VALUES (1237036116767408128, '0000', 643450602218593185, 'RESOURCE', 100, '2020-03-09 23:22:48', 3);
INSERT INTO `c_auth_role_authority`(`id`, `tenant_code`, `authority_id`, `authority_type`, `role_id`, `create_time`, `create_user`) VALUES (1237036116767408129, '0000', 643456724186967649, 'RESOURCE', 100, '2020-03-09 23:22:48', 3);
INSERT INTO `c_auth_role_authority`(`id`, `tenant_code`, `authority_id`, `authority_type`, `role_id`, `create_time`, `create_user`) VALUES (1237036116767408130, '0000', 643445448081672673, 'RESOURCE', 100, '2020-03-09 23:22:48', 3);
INSERT INTO `c_auth_role_authority`(`id`, `tenant_code`, `authority_id`, `authority_type`, `role_id`, `create_time`, `create_user`) VALUES (1237036116771602432, '0000', 643448611161511169, 'RESOURCE', 100, '2020-03-09 23:22:48', 3);
INSERT INTO `c_auth_role_authority`(`id`, `tenant_code`, `authority_id`, `authority_type`, `role_id`, `create_time`, `create_user`) VALUES (1237036116771602433, '0000', 643445802106097185, 'RESOURCE', 100, '2020-03-09 23:22:48', 3);
INSERT INTO `c_auth_role_authority`(`id`, `tenant_code`, `authority_id`, `authority_type`, `role_id`, `create_time`, `create_user`) VALUES (1237036116771602434, '0000', 643448826945869409, 'RESOURCE', 100, '2020-03-09 23:22:48', 3);
INSERT INTO `c_auth_role_authority`(`id`, `tenant_code`, `authority_id`, `authority_type`, `role_id`, `create_time`, `create_user`) VALUES (1237036116775796736, '0000', 643452536954561985, 'RESOURCE', 100, '2020-03-09 23:22:48', 3);
INSERT INTO `c_auth_role_authority`(`id`, `tenant_code`, `authority_id`, `authority_type`, `role_id`, `create_time`, `create_user`) VALUES (1237036116775796737, '0000', 1225984359173980160, 'RESOURCE', 100, '2020-03-09 23:22:48', 3);
INSERT INTO `c_auth_role_authority`(`id`, `tenant_code`, `authority_id`, `authority_type`, `role_id`, `create_time`, `create_user`) VALUES (1237036116775796738, '0000', 643445514607528609, 'RESOURCE', 100, '2020-03-09 23:22:48', 3);
INSERT INTO `c_auth_role_authority`(`id`, `tenant_code`, `authority_id`, `authority_type`, `role_id`, `create_time`, `create_user`) VALUES (1237036116779991040, '0000', 643448507767723169, 'RESOURCE', 100, '2020-03-09 23:22:48', 3);
INSERT INTO `c_auth_role_authority`(`id`, `tenant_code`, `authority_id`, `authority_type`, `role_id`, `create_time`, `create_user`) VALUES (1237036116779991041, '0000', 643450295858240129, 'RESOURCE', 100, '2020-03-09 23:22:48', 3);
INSERT INTO `c_auth_role_authority`(`id`, `tenant_code`, `authority_id`, `authority_type`, `role_id`, `create_time`, `create_user`) VALUES (1237036116779991042, '0000', 643449998909905121, 'RESOURCE', 100, '2020-03-09 23:22:48', 3);
INSERT INTO `c_auth_role_authority`(`id`, `tenant_code`, `authority_id`, `authority_type`, `role_id`, `create_time`, `create_user`) VALUES (1237036116784185344, '0000', 645288283693121889, 'RESOURCE', 100, '2020-03-09 23:22:48', 3);
INSERT INTO `c_auth_role_authority`(`id`, `tenant_code`, `authority_id`, `authority_type`, `role_id`, `create_time`, `create_user`) VALUES (1237036116784185345, '0000', 643444897201784193, 'RESOURCE', 100, '2020-03-09 23:22:48', 3);
INSERT INTO `c_auth_role_authority`(`id`, `tenant_code`, `authority_id`, `authority_type`, `role_id`, `create_time`, `create_user`) VALUES (1237036116784185346, '0000', 643448730950833601, 'RESOURCE', 100, '2020-03-09 23:22:48', 3);
INSERT INTO `c_auth_role_authority`(`id`, `tenant_code`, `authority_id`, `authority_type`, `role_id`, `create_time`, `create_user`) VALUES (1237036116788379648, '0000', 643456690892582401, 'RESOURCE', 100, '2020-03-09 23:22:48', 3);
INSERT INTO `c_auth_role_authority`(`id`, `tenant_code`, `authority_id`, `authority_type`, `role_id`, `create_time`, `create_user`) VALUES (1237036116788379649, '0000', 643445412774021505, 'RESOURCE', 100, '2020-03-09 23:22:48', 3);
INSERT INTO `c_auth_role_authority`(`id`, `tenant_code`, `authority_id`, `authority_type`, `role_id`, `create_time`, `create_user`) VALUES (1237036116792573952, '0000', 1237035586045345792, 'RESOURCE', 100, '2020-03-09 23:22:48', 3);
INSERT INTO `c_auth_role_authority`(`id`, `tenant_code`, `authority_id`, `authority_type`, `role_id`, `create_time`, `create_user`) VALUES (1237036116796768256, '0000', 643448656451605857, 'RESOURCE', 100, '2020-03-09 23:22:48', 3);
INSERT INTO `c_auth_role_authority`(`id`, `tenant_code`, `authority_id`, `authority_type`, `role_id`, `create_time`, `create_user`) VALUES (1237036116796768257, '0000', 643450171333548481, 'RESOURCE', 100, '2020-03-09 23:22:48', 3);
INSERT INTO `c_auth_role_authority`(`id`, `tenant_code`, `authority_id`, `authority_type`, `role_id`, `create_time`, `create_user`) VALUES (1237036116796768258, '0000', 643456761927315137, 'RESOURCE', 100, '2020-03-09 23:22:48', 3);
INSERT INTO `c_auth_role_authority`(`id`, `tenant_code`, `authority_id`, `authority_type`, `role_id`, `create_time`, `create_user`) VALUES (1237036116800962560, '0000', 643445477274028609, 'RESOURCE', 100, '2020-03-09 23:22:48', 3);
INSERT INTO `c_auth_role_authority`(`id`, `tenant_code`, `authority_id`, `authority_type`, `role_id`, `create_time`, `create_user`) VALUES (1237036116800962561, '0000', 1225984257483079680, 'RESOURCE', 100, '2020-03-09 23:22:48', 3);
INSERT INTO `c_auth_role_authority`(`id`, `tenant_code`, `authority_id`, `authority_type`, `role_id`, `create_time`, `create_user`) VALUES (1237036116805156865, '0000', 643445352703199521, 'RESOURCE', 100, '2020-03-09 23:22:48', 3);
INSERT INTO `c_auth_role_authority`(`id`, `tenant_code`, `authority_id`, `authority_type`, `role_id`, `create_time`, `create_user`) VALUES (1237036116809351168, '0000', 643445747320098145, 'RESOURCE', 100, '2020-03-09 23:22:48', 3);
INSERT INTO `c_auth_role_authority`(`id`, `tenant_code`, `authority_id`, `authority_type`, `role_id`, `create_time`, `create_user`) VALUES (1237036116809351169, '0000', 643452571645650465, 'RESOURCE', 100, '2020-03-09 23:22:48', 3);
INSERT INTO `c_auth_role_authority`(`id`, `tenant_code`, `authority_id`, `authority_type`, `role_id`, `create_time`, `create_user`) VALUES (1237036116809351170, '0000', 643444858974897441, 'RESOURCE', 100, '2020-03-09 23:22:48', 3);
INSERT INTO `c_auth_role_authority`(`id`, `tenant_code`, `authority_id`, `authority_type`, `role_id`, `create_time`, `create_user`) VALUES (1237036116813545472, '0000', 643449944866297985, 'RESOURCE', 100, '2020-03-09 23:22:48', 3);
INSERT INTO `c_auth_role_authority`(`id`, `tenant_code`, `authority_id`, `authority_type`, `role_id`, `create_time`, `create_user`) VALUES (1237036116813545473, '0000', 643450770317909249, 'RESOURCE', 100, '2020-03-09 23:22:48', 3);
INSERT INTO `c_auth_role_authority`(`id`, `tenant_code`, `authority_id`, `authority_type`, `role_id`, `create_time`, `create_user`) VALUES (1237036116813545474, '0000', 1225984321857257472, 'RESOURCE', 100, '2020-03-09 23:22:48', 3);
INSERT INTO `c_auth_role_authority`(`id`, `tenant_code`, `authority_id`, `authority_type`, `role_id`, `create_time`, `create_user`) VALUES (1237036116817739776, '0000', 643455720519380097, 'RESOURCE', 100, '2020-03-09 23:22:48', 3);
INSERT INTO `c_auth_role_authority`(`id`, `tenant_code`, `authority_id`, `authority_type`, `role_id`, `create_time`, `create_user`) VALUES (1237036116817739777, '0000', 643450210449627681, 'RESOURCE', 100, '2020-03-09 23:22:48', 3);
INSERT INTO `c_auth_role_authority`(`id`, `tenant_code`, `authority_id`, `authority_type`, `role_id`, `create_time`, `create_user`) VALUES (1237036116817739778, '0000', 659045100646564577, 'RESOURCE', 100, '2020-03-09 23:22:48', 3);
INSERT INTO `c_auth_role_authority`(`id`, `tenant_code`, `authority_id`, `authority_type`, `role_id`, `create_time`, `create_user`) VALUES (1237036116821934080, '0000', 643444992357959137, 'RESOURCE', 100, '2020-03-09 23:22:48', 3);
INSERT INTO `c_auth_role_authority`(`id`, `tenant_code`, `authority_id`, `authority_type`, `role_id`, `create_time`, `create_user`) VALUES (1237036116821934081, '0000', 643456789920100129, 'RESOURCE', 100, '2020-03-09 23:22:48', 3);
INSERT INTO `c_auth_role_authority`(`id`, `tenant_code`, `authority_id`, `authority_type`, `role_id`, `create_time`, `create_user`) VALUES (1237036116821934082, '0000', 658002632467547265, 'RESOURCE', 100, '2020-03-09 23:22:48', 3);
INSERT INTO `c_auth_role_authority`(`id`, `tenant_code`, `authority_id`, `authority_type`, `role_id`, `create_time`, `create_user`) VALUES (1237036116826128384, '0000', 659702641965662497, 'RESOURCE', 100, '2020-03-09 23:22:48', 3);
INSERT INTO `c_auth_role_authority`(`id`, `tenant_code`, `authority_id`, `authority_type`, `role_id`, `create_time`, `create_user`) VALUES (1237036116826128385, '0000', 643445641149680705, 'RESOURCE', 100, '2020-03-09 23:22:48', 3);
INSERT INTO `c_auth_role_authority`(`id`, `tenant_code`, `authority_id`, `authority_type`, `role_id`, `create_time`, `create_user`) VALUES (1237036116826128386, '0000', 643444819758154945, 'RESOURCE', 100, '2020-03-09 23:22:48', 3);
INSERT INTO `c_auth_role_authority`(`id`, `tenant_code`, `authority_id`, `authority_type`, `role_id`, `create_time`, `create_user`) VALUES (1237036116830322688, '0000', 643449629173618657, 'RESOURCE', 100, '2020-03-09 23:22:48', 3);
INSERT INTO `c_auth_role_authority`(`id`, `tenant_code`, `authority_id`, `authority_type`, `role_id`, `create_time`, `create_user`) VALUES (1237036116830322689, '0000', 643451945020826369, 'RESOURCE', 100, '2020-03-09 23:22:48', 3);
INSERT INTO `c_auth_role_authority`(`id`, `tenant_code`, `authority_id`, `authority_type`, `role_id`, `create_time`, `create_user`) VALUES (1237036116834516992, '0000', 1225042691843162112, 'RESOURCE', 100, '2020-03-09 23:22:48', 3);
INSERT INTO `c_auth_role_authority`(`id`, `tenant_code`, `authority_id`, `authority_type`, `role_id`, `create_time`, `create_user`) VALUES (1237036116834516993, '0000', 643448338154263521, 'RESOURCE', 100, '2020-03-09 23:22:48', 3);
INSERT INTO `c_auth_role_authority`(`id`, `tenant_code`, `authority_id`, `authority_type`, `role_id`, `create_time`, `create_user`) VALUES (1237036116834516994, '0000', 643449573045442433, 'RESOURCE', 100, '2020-03-09 23:22:48', 3);
INSERT INTO `c_auth_role_authority`(`id`, `tenant_code`, `authority_id`, `authority_type`, `role_id`, `create_time`, `create_user`) VALUES (1237036116838711296, '0000', 659702791312245313, 'RESOURCE', 100, '2020-03-09 23:22:48', 3);
INSERT INTO `c_auth_role_authority`(`id`, `tenant_code`, `authority_id`, `authority_type`, `role_id`, `create_time`, `create_user`) VALUES (1237036116838711297, '0000', 659045207890723745, 'RESOURCE', 100, '2020-03-09 23:22:48', 3);
INSERT INTO `c_auth_role_authority`(`id`, `tenant_code`, `authority_id`, `authority_type`, `role_id`, `create_time`, `create_user`) VALUES (1237036116838711298, '0000', 643452429496493217, 'RESOURCE', 100, '2020-03-09 23:22:48', 3);
INSERT INTO `c_auth_role_authority`(`id`, `tenant_code`, `authority_id`, `authority_type`, `role_id`, `create_time`, `create_user`) VALUES (1237036116838711299, '0000', 643454073500084577, 'RESOURCE', 100, '2020-03-09 23:22:48', 3);
INSERT INTO `c_auth_role_authority`(`id`, `tenant_code`, `authority_id`, `authority_type`, `role_id`, `create_time`, `create_user`) VALUES (1237036116842905600, '0000', 643455175503129569, 'RESOURCE', 100, '2020-03-09 23:22:48', 3);
INSERT INTO `c_auth_role_authority`(`id`, `tenant_code`, `authority_id`, `authority_type`, `role_id`, `create_time`, `create_user`) VALUES (1237036116842905601, '0000', 643445674330819745, 'RESOURCE', 100, '2020-03-09 23:22:48', 3);
INSERT INTO `c_auth_role_authority`(`id`, `tenant_code`, `authority_id`, `authority_type`, `role_id`, `create_time`, `create_user`) VALUES (1237036116842905602, '0000', 643452393857492033, 'RESOURCE', 100, '2020-03-09 23:22:48', 3);
INSERT INTO `c_auth_role_authority`(`id`, `tenant_code`, `authority_id`, `authority_type`, `role_id`, `create_time`, `create_user`) VALUES (1237036116847099904, '0000', 1237035798587506688, 'RESOURCE', 100, '2020-03-09 23:22:48', 3);
INSERT INTO `c_auth_role_authority`(`id`, `tenant_code`, `authority_id`, `authority_type`, `role_id`, `create_time`, `create_user`) VALUES (1237036116847099905, '0000', 643454150905965089, 'RESOURCE', 100, '2020-03-09 23:22:48', 3);
INSERT INTO `c_auth_role_authority`(`id`, `tenant_code`, `authority_id`, `authority_type`, `role_id`, `create_time`, `create_user`) VALUES (1237036116847099906, '0000', 643452086981239745, 'RESOURCE', 100, '2020-03-09 23:22:48', 3);
INSERT INTO `c_auth_role_authority`(`id`, `tenant_code`, `authority_id`, `authority_type`, `role_id`, `create_time`, `create_user`) VALUES (1237036116851294208, '0000', 643452488447436129, 'RESOURCE', 100, '2020-03-09 23:22:48', 3);
INSERT INTO `c_auth_role_authority`(`id`, `tenant_code`, `authority_id`, `authority_type`, `role_id`, `create_time`, `create_user`) VALUES (1237036116851294209, '0000', 645288375300915649, 'RESOURCE', 100, '2020-03-09 23:22:48', 3);
INSERT INTO `c_auth_role_authority`(`id`, `tenant_code`, `authority_id`, `authority_type`, `role_id`, `create_time`, `create_user`) VALUES (1237036116851294210, '0000', 659702674622513537, 'RESOURCE', 100, '2020-03-09 23:22:48', 3);
INSERT INTO `c_auth_role_authority`(`id`, `tenant_code`, `authority_id`, `authority_type`, `role_id`, `create_time`, `create_user`) VALUES (1237036116851294211, '0000', 1225042821497487360, 'RESOURCE', 100, '2020-03-09 23:22:48', 3);
INSERT INTO `c_auth_role_authority`(`id`, `tenant_code`, `authority_id`, `authority_type`, `role_id`, `create_time`, `create_user`) VALUES (1237036116855488512, '0000', 659045145735332673, 'RESOURCE', 100, '2020-03-09 23:22:48', 3);
INSERT INTO `c_auth_role_authority`(`id`, `tenant_code`, `authority_id`, `authority_type`, `role_id`, `create_time`, `create_user`) VALUES (1237036116855488513, '0000', 643449540959016737, 'RESOURCE', 100, '2020-03-09 23:22:48', 3);
INSERT INTO `c_auth_role_authority`(`id`, `tenant_code`, `authority_id`, `authority_type`, `role_id`, `create_time`, `create_user`) VALUES (1237036116855488514, '0000', 645215230518909025, 'MENU', 100, '2020-03-09 23:22:48', 3);
INSERT INTO `c_auth_role_authority`(`id`, `tenant_code`, `authority_id`, `authority_type`, `role_id`, `create_time`, `create_user`) VALUES (1237036116859682816, '0000', 605079411338773153, 'MENU', 100, '2020-03-09 23:22:48', 3);
INSERT INTO `c_auth_role_authority`(`id`, `tenant_code`, `authority_id`, `authority_type`, `role_id`, `create_time`, `create_user`) VALUES (1237036116859682817, '0000', 603982542332235201, 'MENU', 100, '2020-03-09 23:22:48', 3);
INSERT INTO `c_auth_role_authority`(`id`, `tenant_code`, `authority_id`, `authority_type`, `role_id`, `create_time`, `create_user`) VALUES (1237036116859682818, '0000', 605078371293987105, 'MENU', 100, '2020-03-09 23:22:48', 3);
INSERT INTO `c_auth_role_authority`(`id`, `tenant_code`, `authority_id`, `authority_type`, `role_id`, `create_time`, `create_user`) VALUES (1237036116859682819, '0000', 644111530555611361, 'MENU', 100, '2020-03-09 23:22:48', 3);
INSERT INTO `c_auth_role_authority`(`id`, `tenant_code`, `authority_id`, `authority_type`, `role_id`, `create_time`, `create_user`) VALUES (1237036116863877120, '0000', 605079751035454305, 'MENU', 100, '2020-03-09 23:22:48', 3);
INSERT INTO `c_auth_role_authority`(`id`, `tenant_code`, `authority_id`, `authority_type`, `role_id`, `create_time`, `create_user`) VALUES (1237036116863877121, '0000', 605078672772170209, 'MENU', 100, '2020-03-09 23:22:48', 3);
INSERT INTO `c_auth_role_authority`(`id`, `tenant_code`, `authority_id`, `authority_type`, `role_id`, `create_time`, `create_user`) VALUES (1237036116863877122, '0000', 603976297063910529, 'MENU', 100, '2020-03-09 23:22:48', 3);
INSERT INTO `c_auth_role_authority`(`id`, `tenant_code`, `authority_id`, `authority_type`, `role_id`, `create_time`, `create_user`) VALUES (1237036116863877123, '0000', 605079545585861345, 'MENU', 100, '2020-03-09 23:22:48', 3);
INSERT INTO `c_auth_role_authority`(`id`, `tenant_code`, `authority_id`, `authority_type`, `role_id`, `create_time`, `create_user`) VALUES (1237036116868071424, '0000', 605080107379327969, 'MENU', 100, '2020-03-09 23:22:48', 3);
INSERT INTO `c_auth_role_authority`(`id`, `tenant_code`, `authority_id`, `authority_type`, `role_id`, `create_time`, `create_user`) VALUES (1237036116868071425, '0000', 605078979149300257, 'MENU', 100, '2020-03-09 23:22:48', 3);
INSERT INTO `c_auth_role_authority`(`id`, `tenant_code`, `authority_id`, `authority_type`, `role_id`, `create_time`, `create_user`) VALUES (1237036116868071426, '0000', 605080359394083937, 'MENU', 100, '2020-03-09 23:22:48', 3);
INSERT INTO `c_auth_role_authority`(`id`, `tenant_code`, `authority_id`, `authority_type`, `role_id`, `create_time`, `create_user`) VALUES (1237036116872265728, '0000', 605078463069552993, 'MENU', 100, '2020-03-09 23:22:48', 3);
INSERT INTO `c_auth_role_authority`(`id`, `tenant_code`, `authority_id`, `authority_type`, `role_id`, `create_time`, `create_user`) VALUES (1237036116872265729, '0000', 605080816296396097, 'MENU', 100, '2020-03-09 23:22:48', 3);
INSERT INTO `c_auth_role_authority`(`id`, `tenant_code`, `authority_id`, `authority_type`, `role_id`, `create_time`, `create_user`) VALUES (1237036116872265730, '0000', 1225042542827929600, 'MENU', 100, '2020-03-09 23:22:48', 3);
INSERT INTO `c_auth_role_authority`(`id`, `tenant_code`, `authority_id`, `authority_type`, `role_id`, `create_time`, `create_user`) VALUES (1237036116872265731, '0000', 603982713849908801, 'MENU', 100, '2020-03-09 23:22:48', 3);
INSERT INTO `c_auth_role_authority`(`id`, `tenant_code`, `authority_id`, `authority_type`, `role_id`, `create_time`, `create_user`) VALUES (1237036116876460032, '0000', 605079658416833313, 'MENU', 100, '2020-03-09 23:22:48', 3);
INSERT INTO `c_auth_role_authority`(`id`, `tenant_code`, `authority_id`, `authority_type`, `role_id`, `create_time`, `create_user`) VALUES (1237036116876460033, '0000', 605078538881597857, 'MENU', 100, '2020-03-09 23:22:48', 3);
INSERT INTO `c_auth_role_authority`(`id`, `tenant_code`, `authority_id`, `authority_type`, `role_id`, `create_time`, `create_user`) VALUES (1237036116876460034, '0000', 605080648767505601, 'MENU', 100, '2020-03-09 23:22:48', 3);
INSERT INTO `c_auth_role_authority`(`id`, `tenant_code`, `authority_id`, `authority_type`, `role_id`, `create_time`, `create_user`) VALUES (1237036116880654336, '0000', 603983082961243905, 'MENU', 100, '2020-03-09 23:22:48', 3);
INSERT INTO `c_auth_role_authority`(`id`, `tenant_code`, `authority_id`, `authority_type`, `role_id`, `create_time`, `create_user`) VALUES (1237036116880654337, '0000', 603981723864141121, 'MENU', 100, '2020-03-09 23:22:48', 3);
INSERT INTO `c_auth_role_authority`(`id`, `tenant_code`, `authority_id`, `authority_type`, `role_id`, `create_time`, `create_user`) VALUES (1237036116880654338, '0000', 605424535633666945, 'MENU', 100, '2020-03-09 23:22:48', 3);
INSERT INTO `c_auth_role_authority`(`id`, `tenant_code`, `authority_id`, `authority_type`, `role_id`, `create_time`, `create_user`) VALUES (1237036116884848640, '0000', 605080023753294753, 'MENU', 100, '2020-03-09 23:22:48', 3);
INSERT INTO `c_auth_role_authority`(`id`, `tenant_code`, `authority_id`, `authority_type`, `role_id`, `create_time`, `create_user`) VALUES (1237036116884848641, '0000', 605079239015793249, 'MENU', 100, '2020-03-09 23:22:48', 3);
INSERT INTO `c_auth_role_authority`(`id`, `tenant_code`, `authority_id`, `authority_type`, `role_id`, `create_time`, `create_user`) VALUES (1237036116884848642, '0000', 101, 'MENU', 100, '2020-03-09 23:22:48', 3);
INSERT INTO `c_auth_role_authority`(`id`, `tenant_code`, `authority_id`, `authority_type`, `role_id`, `create_time`, `create_user`) VALUES (1237036116884848643, '0000', 102, 'MENU', 100, '2020-03-09 23:22:48', 3);
INSERT INTO `c_auth_role_authority`(`id`, `tenant_code`, `authority_id`, `authority_type`, `role_id`, `create_time`, `create_user`) VALUES (1237036116889042944, '0000', 103, 'MENU', 100, '2020-03-09 23:22:48', 3);
INSERT INTO `c_auth_role_authority`(`id`, `tenant_code`, `authority_id`, `authority_type`, `role_id`, `create_time`, `create_user`) VALUES (1237036116889042945, '0000', 104, 'MENU', 100, '2020-03-09 23:22:48', 3);
INSERT INTO `c_auth_role_authority`(`id`, `tenant_code`, `authority_id`, `authority_type`, `role_id`, `create_time`, `create_user`) VALUES (1237036116889042946, '0000', 105, 'MENU', 100, '2020-03-09 23:22:48', 3);
INSERT INTO `c_auth_role_authority`(`id`, `tenant_code`, `authority_id`, `authority_type`, `role_id`, `create_time`, `create_user`) VALUES (1237036116889042947, '0000', 106, 'MENU', 100, '2020-03-09 23:22:48', 3);
INSERT INTO `c_auth_role_authority`(`id`, `tenant_code`, `authority_id`, `authority_type`, `role_id`, `create_time`, `create_user`) VALUES (1237036116893237248, '0000', 107, 'MENU', 100, '2020-03-09 23:22:48', 3);
INSERT INTO `c_auth_role_authority`(`id`, `tenant_code`, `authority_id`, `authority_type`, `role_id`, `create_time`, `create_user`) VALUES (1237036116893237249, '0000', 643464272629728001, 'MENU', 100, '2020-03-09 23:22:48', 3);

INSERT INTO `c_common_dictionary`(`id`, `tenant_code`, `type_`, `name`, `describe_`, `status_`, `create_user`, `create_time`, `update_user`, `update_time`) VALUES (1, '0000', 'NATION', '民族', '', b'1', 1, '2019-06-01 09:42:50', 1, '2019-06-01 09:42:54');
INSERT INTO `c_common_dictionary`(`id`, `tenant_code`, `type_`, `name`, `describe_`, `status_`, `create_user`, `create_time`, `update_user`, `update_time`) VALUES (2, '0000', 'POSITION_STATUS', '在职状态', '', b'1', 1, '2019-06-04 11:37:15', 1, '2019-06-04 11:37:15');
INSERT INTO `c_common_dictionary`(`id`, `tenant_code`, `type_`, `name`, `describe_`, `status_`, `create_user`, `create_time`, `update_user`, `update_time`) VALUES (3, '0000', 'EDUCATION', '学历', '', b'1', 1, '2019-06-04 11:33:52', 1, '2019-06-04 11:33:52');
INSERT INTO `c_common_dictionary`(`id`, `tenant_code`, `type_`, `name`, `describe_`, `status_`, `create_user`, `create_time`, `update_user`, `update_time`) VALUES (4, '0000', 'AREA_LEVEL', '行政区级', '', b'1', 3, '2020-01-20 15:12:05', 3, '2020-01-20 15:12:05');

INSERT INTO `c_common_dictionary_item`(`id`, `tenant_code`, `dictionary_id`, `dictionary_type`, `code`, `name`, `status_`, `describe_`, `sort_value`, `create_user`, `create_time`, `update_user`, `update_time`) VALUES (2, '0000', 4, 'AREA_LEVEL', 'PROVINCE', '省份/直辖市', b'1', '', 2, 3, '2020-01-20 15:13:45', 3, '2020-01-20 15:13:45');
INSERT INTO `c_common_dictionary_item`(`id`, `tenant_code`, `dictionary_id`, `dictionary_type`, `code`, `name`, `status_`, `describe_`, `sort_value`, `create_user`, `create_time`, `update_user`, `update_time`) VALUES (3, '0000', 4, 'AREA_LEVEL', 'CITY', '地市', b'1', '', 3, 3, '2020-01-20 15:14:16', 3, '2020-01-20 15:14:16');
INSERT INTO `c_common_dictionary_item`(`id`, `tenant_code`, `dictionary_id`, `dictionary_type`, `code`, `name`, `status_`, `describe_`, `sort_value`, `create_user`, `create_time`, `update_user`, `update_time`) VALUES (4, '0000', 4, 'AREA_LEVEL', 'COUNTY', '区县', b'1', '', 4, 3, '2020-01-20 15:14:54', 3, '2020-01-20 15:14:54');
INSERT INTO `c_common_dictionary_item`(`id`, `tenant_code`, `dictionary_id`, `dictionary_type`, `code`, `name`, `status_`, `describe_`, `sort_value`, `create_user`, `create_time`, `update_user`, `update_time`) VALUES (1, '0000', 4, 'AREA_LEVEL', 'COUNTRY', '国家', b'1', '', 1, 3, '2020-01-20 15:12:57', 3, '2020-01-20 15:12:57');
INSERT INTO `c_common_dictionary_item`(`id`, `tenant_code`, `dictionary_id`, `dictionary_type`, `code`, `name`, `status_`, `describe_`, `sort_value`, `create_user`, `create_time`, `update_user`, `update_time`) VALUES (1237038877428940800, '0000', 4, 'AREA_LEVEL', 'TOWNS', '乡镇', b'1', '', 5, 3, '2020-03-09 23:33:46', 3, '2020-03-09 23:33:46');
INSERT INTO `c_common_dictionary_item`(`id`, `tenant_code`, `dictionary_id`, `dictionary_type`, `code`, `name`, `status_`, `describe_`, `sort_value`, `create_user`, `create_time`, `update_user`, `update_time`) VALUES (1237038991044247552, '0000', 3, 'EDUCATION', 'XIAOXUE', '小学', b'1', '', 1, 3, '2020-03-09 23:34:13', 3, '2020-03-09 23:34:13');
INSERT INTO `c_common_dictionary_item`(`id`, `tenant_code`, `dictionary_id`, `dictionary_type`, `code`, `name`, `status_`, `describe_`, `sort_value`, `create_user`, `create_time`, `update_user`, `update_time`) VALUES (1237039071537135616, '0000', 3, 'EDUCATION', 'ZHONGXUE', '中学', b'1', '', 2, 3, '2020-03-09 23:34:32', 3, '2020-03-09 23:34:32');
INSERT INTO `c_common_dictionary_item`(`id`, `tenant_code`, `dictionary_id`, `dictionary_type`, `code`, `name`, `status_`, `describe_`, `sort_value`, `create_user`, `create_time`, `update_user`, `update_time`) VALUES (1237039105171259392, '0000', 3, 'EDUCATION', 'GAOZHONG', '高中', b'1', '', 3, 3, '2020-03-09 23:34:40', 3, '2020-03-09 23:34:40');
INSERT INTO `c_common_dictionary_item`(`id`, `tenant_code`, `dictionary_id`, `dictionary_type`, `code`, `name`, `status_`, `describe_`, `sort_value`, `create_user`, `create_time`, `update_user`, `update_time`) VALUES (1237039160271831040, '0000', 3, 'EDUCATION', 'QITA', '其他', b'1', '', 20, 3, '2020-03-09 23:34:54', 3, '2020-03-09 23:34:54');
INSERT INTO `c_common_dictionary_item`(`id`, `tenant_code`, `dictionary_id`, `dictionary_type`, `code`, `name`, `status_`, `describe_`, `sort_value`, `create_user`, `create_time`, `update_user`, `update_time`) VALUES (42, '0000', 3, 'EDUCATION', 'BOSHIHOU', '博士后', b'1', '', 8, 1, '2019-06-04 11:36:29', 1, '2019-06-04 11:36:29');
INSERT INTO `c_common_dictionary_item`(`id`, `tenant_code`, `dictionary_id`, `dictionary_type`, `code`, `name`, `status_`, `describe_`, `sort_value`, `create_user`, `create_time`, `update_user`, `update_time`) VALUES (41, '0000', 3, 'EDUCATION', 'BOSHI', '博士', b'1', '', 7, 1, '2019-06-04 11:36:29', 1, '2019-06-04 11:36:29');
INSERT INTO `c_common_dictionary_item`(`id`, `tenant_code`, `dictionary_id`, `dictionary_type`, `code`, `name`, `status_`, `describe_`, `sort_value`, `create_user`, `create_time`, `update_user`, `update_time`) VALUES (40, '0000', 3, 'EDUCATION', 'SUOSHI', '硕士', b'1', '', 6, 1, '2019-06-04 11:36:29', 1, '2019-06-04 11:36:29');
INSERT INTO `c_common_dictionary_item`(`id`, `tenant_code`, `dictionary_id`, `dictionary_type`, `code`, `name`, `status_`, `describe_`, `sort_value`, `create_user`, `create_time`, `update_user`, `update_time`) VALUES (39, '0000', 3, 'EDUCATION', 'COLLEGE', '本科', b'1', '', 5, 1, '2019-06-04 11:36:19', 1, '2019-06-04 11:36:19');
INSERT INTO `c_common_dictionary_item`(`id`, `tenant_code`, `dictionary_id`, `dictionary_type`, `code`, `name`, `status_`, `describe_`, `sort_value`, `create_user`, `create_time`, `update_user`, `update_time`) VALUES (38, '0000', 3, 'EDUCATION', 'ZHUANKE', '专科', b'1', '', 4, 1, '2019-06-04 11:36:29', 1, '2019-06-04 11:36:29');
INSERT INTO `c_common_dictionary_item`(`id`, `tenant_code`, `dictionary_id`, `dictionary_type`, `code`, `name`, `status_`, `describe_`, `sort_value`, `create_user`, `create_time`, `update_user`, `update_time`) VALUES (86, '0000', 1, 'NATION', 'mz_jnz', '基诺族', b'1', '', 43, 1, '2018-03-15 20:11:01', 1, '2018-03-15 20:11:04');
INSERT INTO `c_common_dictionary_item`(`id`, `tenant_code`, `dictionary_id`, `dictionary_type`, `code`, `name`, `status_`, `describe_`, `sort_value`, `create_user`, `create_time`, `update_user`, `update_time`) VALUES (71, '0000', 1, 'NATION', 'mz_qz', '羌族', b'1', '', 28, 1, '2018-03-15 20:11:01', 1, '2018-03-15 20:11:04');
INSERT INTO `c_common_dictionary_item`(`id`, `tenant_code`, `dictionary_id`, `dictionary_type`, `code`, `name`, `status_`, `describe_`, `sort_value`, `create_user`, `create_time`, `update_user`, `update_time`) VALUES (85, '0000', 1, 'NATION', 'mz_jz', '京族', b'1', '', 42, 1, '2018-03-15 20:11:01', 1, '2018-03-15 20:11:04');
INSERT INTO `c_common_dictionary_item`(`id`, `tenant_code`, `dictionary_id`, `dictionary_type`, `code`, `name`, `status_`, `describe_`, `sort_value`, `create_user`, `create_time`, `update_user`, `update_time`) VALUES (84, '0000', 1, 'NATION', 'mz_nz', '怒族', b'1', '', 41, 1, '2018-03-15 20:11:01', 1, '2018-03-15 20:11:04');
INSERT INTO `c_common_dictionary_item`(`id`, `tenant_code`, `dictionary_id`, `dictionary_type`, `code`, `name`, `status_`, `describe_`, `sort_value`, `create_user`, `create_time`, `update_user`, `update_time`) VALUES (83, '0000', 1, 'NATION', 'mz_ewkz', '鄂温克族', b'1', '', 40, 1, '2018-03-15 20:11:01', 1, '2018-03-15 20:11:04');
INSERT INTO `c_common_dictionary_item`(`id`, `tenant_code`, `dictionary_id`, `dictionary_type`, `code`, `name`, `status_`, `describe_`, `sort_value`, `create_user`, `create_time`, `update_user`, `update_time`) VALUES (82, '0000', 1, 'NATION', 'mz_pmz', '普米族', b'1', '', 39, 1, '2018-03-15 20:11:01', 1, '2018-03-15 20:11:04');
INSERT INTO `c_common_dictionary_item`(`id`, `tenant_code`, `dictionary_id`, `dictionary_type`, `code`, `name`, `status_`, `describe_`, `sort_value`, `create_user`, `create_time`, `update_user`, `update_time`) VALUES (81, '0000', 1, 'NATION', 'mz_acz', '阿昌族', b'1', '', 38, 1, '2018-03-15 20:11:01', 1, '2018-03-15 20:11:04');
INSERT INTO `c_common_dictionary_item`(`id`, `tenant_code`, `dictionary_id`, `dictionary_type`, `code`, `name`, `status_`, `describe_`, `sort_value`, `create_user`, `create_time`, `update_user`, `update_time`) VALUES (80, '0000', 1, 'NATION', 'mz_tjkz', '塔吉克族', b'1', '', 37, 1, '2018-03-15 20:11:01', 1, '2018-03-15 20:11:04');
INSERT INTO `c_common_dictionary_item`(`id`, `tenant_code`, `dictionary_id`, `dictionary_type`, `code`, `name`, `status_`, `describe_`, `sort_value`, `create_user`, `create_time`, `update_user`, `update_time`) VALUES (79, '0000', 1, 'NATION', 'mz_slz', '撒拉族', b'1', '', 36, 1, '2018-03-15 20:11:01', 1, '2018-03-15 20:11:04');
INSERT INTO `c_common_dictionary_item`(`id`, `tenant_code`, `dictionary_id`, `dictionary_type`, `code`, `name`, `status_`, `describe_`, `sort_value`, `create_user`, `create_time`, `update_user`, `update_time`) VALUES (78, '0000', 1, 'NATION', 'mz_mlz', '毛南族', b'1', '', 35, 1, '2018-03-15 20:11:01', 1, '2018-03-15 20:11:04');
INSERT INTO `c_common_dictionary_item`(`id`, `tenant_code`, `dictionary_id`, `dictionary_type`, `code`, `name`, `status_`, `describe_`, `sort_value`, `create_user`, `create_time`, `update_user`, `update_time`) VALUES (77, '0000', 1, 'NATION', 'mz_jpz', '景颇族', b'1', '', 34, 1, '2018-03-15 20:11:01', 1, '2018-03-15 20:11:04');
INSERT INTO `c_common_dictionary_item`(`id`, `tenant_code`, `dictionary_id`, `dictionary_type`, `code`, `name`, `status_`, `describe_`, `sort_value`, `create_user`, `create_time`, `update_user`, `update_time`) VALUES (76, '0000', 1, 'NATION', 'mz_dwz', '达斡尔族', b'1', '', 33, 1, '2018-03-15 20:11:01', 1, '2018-03-15 20:11:04');
INSERT INTO `c_common_dictionary_item`(`id`, `tenant_code`, `dictionary_id`, `dictionary_type`, `code`, `name`, `status_`, `describe_`, `sort_value`, `create_user`, `create_time`, `update_user`, `update_time`) VALUES (75, '0000', 1, 'NATION', 'mz_kehzz', '柯尔克孜族', b'1', '', 32, 1, '2018-03-15 20:11:01', 1, '2018-03-15 20:11:04');
INSERT INTO `c_common_dictionary_item`(`id`, `tenant_code`, `dictionary_id`, `dictionary_type`, `code`, `name`, `status_`, `describe_`, `sort_value`, `create_user`, `create_time`, `update_user`, `update_time`) VALUES (87, '0000', 1, 'NATION', 'mz_daz', '德昂族', b'1', '', 44, 1, '2018-03-15 20:11:01', 1, '2018-03-15 20:11:04');
INSERT INTO `c_common_dictionary_item`(`id`, `tenant_code`, `dictionary_id`, `dictionary_type`, `code`, `name`, `status_`, `describe_`, `sort_value`, `create_user`, `create_time`, `update_user`, `update_time`) VALUES (88, '0000', 1, 'NATION', 'mz_baz', '保安族', b'1', '', 45, 1, '2018-03-15 20:11:01', 1, '2018-03-15 20:11:04');
INSERT INTO `c_common_dictionary_item`(`id`, `tenant_code`, `dictionary_id`, `dictionary_type`, `code`, `name`, `status_`, `describe_`, `sort_value`, `create_user`, `create_time`, `update_user`, `update_time`) VALUES (89, '0000', 1, 'NATION', 'mz_elsz', '俄罗斯族', b'1', '', 46, 1, '2018-03-15 20:11:01', 1, '2018-03-15 20:11:04');
INSERT INTO `c_common_dictionary_item`(`id`, `tenant_code`, `dictionary_id`, `dictionary_type`, `code`, `name`, `status_`, `describe_`, `sort_value`, `create_user`, `create_time`, `update_user`, `update_time`) VALUES (90, '0000', 1, 'NATION', 'mz_ygz', '裕固族', b'1', '', 47, 1, '2018-03-15 20:11:01', 1, '2018-03-15 20:11:04');
INSERT INTO `c_common_dictionary_item`(`id`, `tenant_code`, `dictionary_id`, `dictionary_type`, `code`, `name`, `status_`, `describe_`, `sort_value`, `create_user`, `create_time`, `update_user`, `update_time`) VALUES (91, '0000', 1, 'NATION', 'mz_wzbkz', '乌兹别克族', b'1', '', 48, 1, '2018-03-15 20:11:01', 1, '2018-03-15 20:11:04');
INSERT INTO `c_common_dictionary_item`(`id`, `tenant_code`, `dictionary_id`, `dictionary_type`, `code`, `name`, `status_`, `describe_`, `sort_value`, `create_user`, `create_time`, `update_user`, `update_time`) VALUES (92, '0000', 1, 'NATION', 'mz_mbz', '门巴族', b'1', '', 49, 1, '2018-03-15 20:11:01', 1, '2018-03-15 20:11:04');
INSERT INTO `c_common_dictionary_item`(`id`, `tenant_code`, `dictionary_id`, `dictionary_type`, `code`, `name`, `status_`, `describe_`, `sort_value`, `create_user`, `create_time`, `update_user`, `update_time`) VALUES (93, '0000', 1, 'NATION', 'mz_elcz', '鄂伦春族', b'1', '', 50, 1, '2018-03-15 20:11:01', 1, '2018-03-15 20:11:04');
INSERT INTO `c_common_dictionary_item`(`id`, `tenant_code`, `dictionary_id`, `dictionary_type`, `code`, `name`, `status_`, `describe_`, `sort_value`, `create_user`, `create_time`, `update_user`, `update_time`) VALUES (94, '0000', 1, 'NATION', 'mz_dlz', '独龙族', b'1', '', 51, 1, '2018-03-15 20:11:01', 1, '2018-03-15 20:11:04');
INSERT INTO `c_common_dictionary_item`(`id`, `tenant_code`, `dictionary_id`, `dictionary_type`, `code`, `name`, `status_`, `describe_`, `sort_value`, `create_user`, `create_time`, `update_user`, `update_time`) VALUES (95, '0000', 1, 'NATION', 'mz_tkez', '塔塔尔族', b'1', '', 52, 1, '2018-03-15 20:11:01', 1, '2018-03-15 20:11:04');
INSERT INTO `c_common_dictionary_item`(`id`, `tenant_code`, `dictionary_id`, `dictionary_type`, `code`, `name`, `status_`, `describe_`, `sort_value`, `create_user`, `create_time`, `update_user`, `update_time`) VALUES (96, '0000', 1, 'NATION', 'mz_hzz', '赫哲族', b'1', '', 53, 1, '2018-03-15 20:11:01', 1, '2018-03-15 20:11:04');
INSERT INTO `c_common_dictionary_item`(`id`, `tenant_code`, `dictionary_id`, `dictionary_type`, `code`, `name`, `status_`, `describe_`, `sort_value`, `create_user`, `create_time`, `update_user`, `update_time`) VALUES (97, '0000', 1, 'NATION', 'mz_lbz', '珞巴族', b'1', '', 54, 1, '2018-03-15 20:11:01', 1, '2018-03-15 20:11:04');
INSERT INTO `c_common_dictionary_item`(`id`, `tenant_code`, `dictionary_id`, `dictionary_type`, `code`, `name`, `status_`, `describe_`, `sort_value`, `create_user`, `create_time`, `update_user`, `update_time`) VALUES (98, '0000', 1, 'NATION', 'mz_blz', '布朗族', b'1', '', 55, 1, '2018-03-15 20:11:01', 1, '2018-03-15 20:11:04');
INSERT INTO `c_common_dictionary_item`(`id`, `tenant_code`, `dictionary_id`, `dictionary_type`, `code`, `name`, `status_`, `describe_`, `sort_value`, `create_user`, `create_time`, `update_user`, `update_time`) VALUES (1237040064488275968, '0000', 1, 'NATION', 'mz_qt', '其他', b'1', '', 100, 3, '2020-03-09 23:38:29', 3, '2020-03-09 23:38:29');
INSERT INTO `c_common_dictionary_item`(`id`, `tenant_code`, `dictionary_id`, `dictionary_type`, `code`, `name`, `status_`, `describe_`, `sort_value`, `create_user`, `create_time`, `update_user`, `update_time`) VALUES (73, '0000', 1, 'NATION', 'mz_zlz', '仫佬族', b'1', '', 30, 1, '2018-03-15 20:11:01', 1, '2018-03-15 20:11:04');
INSERT INTO `c_common_dictionary_item`(`id`, `tenant_code`, `dictionary_id`, `dictionary_type`, `code`, `name`, `status_`, `describe_`, `sort_value`, `create_user`, `create_time`, `update_user`, `update_time`) VALUES (43, '0000', 1, 'NATION', 'mz_hanz', '汉族', b'1', '', 0, 1, '2018-03-15 20:11:01', 1, '2018-03-15 20:11:04');
INSERT INTO `c_common_dictionary_item`(`id`, `tenant_code`, `dictionary_id`, `dictionary_type`, `code`, `name`, `status_`, `describe_`, `sort_value`, `create_user`, `create_time`, `update_user`, `update_time`) VALUES (44, '0000', 1, 'NATION', 'mz_zz', '壮族', b'1', '', 1, 1, '2018-03-15 20:11:01', 1, '2018-03-15 20:11:04');
INSERT INTO `c_common_dictionary_item`(`id`, `tenant_code`, `dictionary_id`, `dictionary_type`, `code`, `name`, `status_`, `describe_`, `sort_value`, `create_user`, `create_time`, `update_user`, `update_time`) VALUES (45, '0000', 1, 'NATION', 'mz_mz', '满族', b'1', '', 2, 1, '2018-03-15 20:11:01', 1, '2018-03-15 20:11:04');
INSERT INTO `c_common_dictionary_item`(`id`, `tenant_code`, `dictionary_id`, `dictionary_type`, `code`, `name`, `status_`, `describe_`, `sort_value`, `create_user`, `create_time`, `update_user`, `update_time`) VALUES (46, '0000', 1, 'NATION', 'mz_hz', '回族', b'1', '', 3, 1, '2018-03-15 20:11:01', 1, '2018-03-15 20:11:04');
INSERT INTO `c_common_dictionary_item`(`id`, `tenant_code`, `dictionary_id`, `dictionary_type`, `code`, `name`, `status_`, `describe_`, `sort_value`, `create_user`, `create_time`, `update_user`, `update_time`) VALUES (47, '0000', 1, 'NATION', 'mz_miaoz', '苗族', b'1', '', 4, 1, '2018-03-15 20:11:01', 1, '2018-03-15 20:11:04');
INSERT INTO `c_common_dictionary_item`(`id`, `tenant_code`, `dictionary_id`, `dictionary_type`, `code`, `name`, `status_`, `describe_`, `sort_value`, `create_user`, `create_time`, `update_user`, `update_time`) VALUES (48, '0000', 1, 'NATION', 'mz_wwez', '维吾尔族', b'1', '', 5, 1, '2018-03-15 20:11:01', 1, '2018-03-15 20:11:04');
INSERT INTO `c_common_dictionary_item`(`id`, `tenant_code`, `dictionary_id`, `dictionary_type`, `code`, `name`, `status_`, `describe_`, `sort_value`, `create_user`, `create_time`, `update_user`, `update_time`) VALUES (49, '0000', 1, 'NATION', 'mz_tjz', '土家族', b'1', '', 6, 1, '2018-03-15 20:11:01', 1, '2018-03-15 20:11:04');
INSERT INTO `c_common_dictionary_item`(`id`, `tenant_code`, `dictionary_id`, `dictionary_type`, `code`, `name`, `status_`, `describe_`, `sort_value`, `create_user`, `create_time`, `update_user`, `update_time`) VALUES (50, '0000', 1, 'NATION', 'mz_yz', '彝族', b'1', '', 7, 1, '2018-03-15 20:11:01', 1, '2018-03-15 20:11:04');
INSERT INTO `c_common_dictionary_item`(`id`, `tenant_code`, `dictionary_id`, `dictionary_type`, `code`, `name`, `status_`, `describe_`, `sort_value`, `create_user`, `create_time`, `update_user`, `update_time`) VALUES (51, '0000', 1, 'NATION', 'mz_mgz', '蒙古族', b'1', '', 8, 1, '2018-03-15 20:11:01', 1, '2018-03-15 20:11:04');
INSERT INTO `c_common_dictionary_item`(`id`, `tenant_code`, `dictionary_id`, `dictionary_type`, `code`, `name`, `status_`, `describe_`, `sort_value`, `create_user`, `create_time`, `update_user`, `update_time`) VALUES (52, '0000', 1, 'NATION', 'mz_zhangz', '藏族', b'1', '', 9, 1, '2018-03-15 20:11:01', 1, '2018-03-15 20:11:04');
INSERT INTO `c_common_dictionary_item`(`id`, `tenant_code`, `dictionary_id`, `dictionary_type`, `code`, `name`, `status_`, `describe_`, `sort_value`, `create_user`, `create_time`, `update_user`, `update_time`) VALUES (53, '0000', 1, 'NATION', 'mz_byz', '布依族', b'1', '', 10, 1, '2018-03-15 20:11:01', 1, '2018-03-15 20:11:04');
INSERT INTO `c_common_dictionary_item`(`id`, `tenant_code`, `dictionary_id`, `dictionary_type`, `code`, `name`, `status_`, `describe_`, `sort_value`, `create_user`, `create_time`, `update_user`, `update_time`) VALUES (54, '0000', 1, 'NATION', 'mz_dz', '侗族', b'1', '', 11, 1, '2018-03-15 20:11:01', 1, '2018-03-15 20:11:04');
INSERT INTO `c_common_dictionary_item`(`id`, `tenant_code`, `dictionary_id`, `dictionary_type`, `code`, `name`, `status_`, `describe_`, `sort_value`, `create_user`, `create_time`, `update_user`, `update_time`) VALUES (55, '0000', 1, 'NATION', 'mz_yaoz', '瑶族', b'1', '', 12, 1, '2018-03-15 20:11:01', 1, '2018-03-15 20:11:04');
INSERT INTO `c_common_dictionary_item`(`id`, `tenant_code`, `dictionary_id`, `dictionary_type`, `code`, `name`, `status_`, `describe_`, `sort_value`, `create_user`, `create_time`, `update_user`, `update_time`) VALUES (56, '0000', 1, 'NATION', 'mz_cxz', '朝鲜族', b'1', '', 13, 1, '2018-03-15 20:11:01', 1, '2018-03-15 20:11:04');
INSERT INTO `c_common_dictionary_item`(`id`, `tenant_code`, `dictionary_id`, `dictionary_type`, `code`, `name`, `status_`, `describe_`, `sort_value`, `create_user`, `create_time`, `update_user`, `update_time`) VALUES (57, '0000', 1, 'NATION', 'mz_bz', '白族', b'1', '', 14, 1, '2018-03-15 20:11:01', 1, '2018-03-15 20:11:04');
INSERT INTO `c_common_dictionary_item`(`id`, `tenant_code`, `dictionary_id`, `dictionary_type`, `code`, `name`, `status_`, `describe_`, `sort_value`, `create_user`, `create_time`, `update_user`, `update_time`) VALUES (59, '0000', 1, 'NATION', 'mz_hskz', '哈萨克族', b'1', '', 16, 1, '2018-03-15 20:11:01', 1, '2018-03-15 20:11:04');
INSERT INTO `c_common_dictionary_item`(`id`, `tenant_code`, `dictionary_id`, `dictionary_type`, `code`, `name`, `status_`, `describe_`, `sort_value`, `create_user`, `create_time`, `update_user`, `update_time`) VALUES (60, '0000', 1, 'NATION', 'mz_lz', '黎族', b'1', '', 17, 1, '2018-03-15 20:11:01', 1, '2018-03-15 20:11:04');
INSERT INTO `c_common_dictionary_item`(`id`, `tenant_code`, `dictionary_id`, `dictionary_type`, `code`, `name`, `status_`, `describe_`, `sort_value`, `create_user`, `create_time`, `update_user`, `update_time`) VALUES (61, '0000', 1, 'NATION', 'mz_daiz', '傣族', b'1', '', 18, 1, '2018-03-15 20:11:01', 1, '2018-03-15 20:11:04');
INSERT INTO `c_common_dictionary_item`(`id`, `tenant_code`, `dictionary_id`, `dictionary_type`, `code`, `name`, `status_`, `describe_`, `sort_value`, `create_user`, `create_time`, `update_user`, `update_time`) VALUES (62, '0000', 1, 'NATION', 'mz_sz', '畲族', b'1', '', 19, 1, '2018-03-15 20:11:01', 1, '2018-03-15 20:11:04');
INSERT INTO `c_common_dictionary_item`(`id`, `tenant_code`, `dictionary_id`, `dictionary_type`, `code`, `name`, `status_`, `describe_`, `sort_value`, `create_user`, `create_time`, `update_user`, `update_time`) VALUES (63, '0000', 1, 'NATION', 'mz_llz', '傈僳族', b'1', '', 20, 1, '2018-03-15 20:11:01', 1, '2018-03-15 20:11:04');
INSERT INTO `c_common_dictionary_item`(`id`, `tenant_code`, `dictionary_id`, `dictionary_type`, `code`, `name`, `status_`, `describe_`, `sort_value`, `create_user`, `create_time`, `update_user`, `update_time`) VALUES (64, '0000', 1, 'NATION', 'mz_glz', '仡佬族', b'1', '', 21, 1, '2018-03-15 20:11:01', 1, '2018-03-15 20:11:04');
INSERT INTO `c_common_dictionary_item`(`id`, `tenant_code`, `dictionary_id`, `dictionary_type`, `code`, `name`, `status_`, `describe_`, `sort_value`, `create_user`, `create_time`, `update_user`, `update_time`) VALUES (65, '0000', 1, 'NATION', 'mz_dxz', '东乡族', b'1', '', 22, 1, '2018-03-15 20:11:01', 1, '2018-03-15 20:11:04');
INSERT INTO `c_common_dictionary_item`(`id`, `tenant_code`, `dictionary_id`, `dictionary_type`, `code`, `name`, `status_`, `describe_`, `sort_value`, `create_user`, `create_time`, `update_user`, `update_time`) VALUES (66, '0000', 1, 'NATION', 'mz_gsz', '高山族', b'1', '', 23, 1, '2018-03-15 20:11:01', 1, '2018-03-15 20:11:04');
INSERT INTO `c_common_dictionary_item`(`id`, `tenant_code`, `dictionary_id`, `dictionary_type`, `code`, `name`, `status_`, `describe_`, `sort_value`, `create_user`, `create_time`, `update_user`, `update_time`) VALUES (58, '0000', 1, 'NATION', 'mz_hnz', '哈尼族', b'1', '', 15, 1, '2018-03-15 20:11:01', 1, '2018-03-15 20:11:04');
INSERT INTO `c_common_dictionary_item`(`id`, `tenant_code`, `dictionary_id`, `dictionary_type`, `code`, `name`, `status_`, `describe_`, `sort_value`, `create_user`, `create_time`, `update_user`, `update_time`) VALUES (74, '0000', 1, 'NATION', 'mz_xbz', '锡伯族', b'1', '', 31, 1, '2018-03-15 20:11:01', 1, '2018-03-15 20:11:04');
INSERT INTO `c_common_dictionary_item`(`id`, `tenant_code`, `dictionary_id`, `dictionary_type`, `code`, `name`, `status_`, `describe_`, `sort_value`, `create_user`, `create_time`, `update_user`, `update_time`) VALUES (67, '0000', 1, 'NATION', 'mz_lhz', '拉祜族', b'1', '', 24, 1, '2018-03-15 20:11:01', 1, '2018-03-15 20:11:04');
INSERT INTO `c_common_dictionary_item`(`id`, `tenant_code`, `dictionary_id`, `dictionary_type`, `code`, `name`, `status_`, `describe_`, `sort_value`, `create_user`, `create_time`, `update_user`, `update_time`) VALUES (68, '0000', 1, 'NATION', 'mz_shuiz', '水族', b'1', '', 25, 1, '2018-03-15 20:11:01', 1, '2018-03-15 20:11:04');
INSERT INTO `c_common_dictionary_item`(`id`, `tenant_code`, `dictionary_id`, `dictionary_type`, `code`, `name`, `status_`, `describe_`, `sort_value`, `create_user`, `create_time`, `update_user`, `update_time`) VALUES (69, '0000', 1, 'NATION', 'mz_wz', '佤族', b'1', '', 26, 1, '2018-03-15 20:11:01', 1, '2018-03-15 20:11:04');
INSERT INTO `c_common_dictionary_item`(`id`, `tenant_code`, `dictionary_id`, `dictionary_type`, `code`, `name`, `status_`, `describe_`, `sort_value`, `create_user`, `create_time`, `update_user`, `update_time`) VALUES (70, '0000', 1, 'NATION', 'mz_nxz', '纳西族', b'1', '', 27, 1, '2018-03-15 20:11:01', 1, '2018-03-15 20:11:04');
INSERT INTO `c_common_dictionary_item`(`id`, `tenant_code`, `dictionary_id`, `dictionary_type`, `code`, `name`, `status_`, `describe_`, `sort_value`, `create_user`, `create_time`, `update_user`, `update_time`) VALUES (72, '0000', 1, 'NATION', 'mz_tz', '土族', b'1', '', 29, 1, '2018-03-15 20:11:01', 1, '2018-03-15 20:11:04');
INSERT INTO `c_common_dictionary_item`(`id`, `tenant_code`, `dictionary_id`, `dictionary_type`, `code`, `name`, `status_`, `describe_`, `sort_value`, `create_user`, `create_time`, `update_user`, `update_time`) VALUES (1237040319480987648, '0000', 2, 'POSITION_STATUS', 'LEAVE', '请假', b'1', '', 3, 3, '2020-03-09 23:39:30', 3, '2020-03-09 23:39:30');
INSERT INTO `c_common_dictionary_item`(`id`, `tenant_code`, `dictionary_id`, `dictionary_type`, `code`, `name`, `status_`, `describe_`, `sort_value`, `create_user`, `create_time`, `update_user`, `update_time`) VALUES (100, '0000', 2, 'POSITION_STATUS', 'QUIT', '离职', b'1', '', 2, 1, '2019-06-04 11:38:50', 1, '2019-06-04 11:38:50');
INSERT INTO `c_common_dictionary_item`(`id`, `tenant_code`, `dictionary_id`, `dictionary_type`, `code`, `name`, `status_`, `describe_`, `sort_value`, `create_user`, `create_time`, `update_user`, `update_time`) VALUES (99, '0000', 2, 'POSITION_STATUS', 'WORKING', '在职', b'1', '', 1, 1, '2019-06-04 11:38:16', 1, '2019-06-04 11:38:16');
