INSERT INTO `c_auth_menu`(`id`, `name`, `describe_`, `is_public`, `path`, `component`, `is_enable`, `sort_value`, `icon`, `group_`, `parent_id`, `create_user`, `create_time`, `update_user`, `update_time`) VALUES (101, '用户中心', '用户组织机构', b'0', '/user', 'Layout', b'1', 0, 'el-icon-user-solid', '', 0, 1, '2019-07-25 15:35:12', 3, '2019-11-11 14:32:02');
INSERT INTO `c_auth_menu`(`id`, `name`, `describe_`, `is_public`, `path`, `component`, `is_enable`, `sort_value`, `icon`, `group_`, `parent_id`, `create_user`, `create_time`, `update_user`, `update_time`) VALUES (102, '权限管理', '管理权限相关', b'0', '/auth', 'Layout', b'1', 1, 'el-icon-lock', '', 0, 1, '2019-07-27 11:48:49', 3, '2019-11-11 14:35:39');
INSERT INTO `c_auth_menu`(`id`, `name`, `describe_`, `is_public`, `path`, `component`, `is_enable`, `sort_value`, `icon`, `group_`, `parent_id`, `create_user`, `create_time`, `update_user`, `update_time`) VALUES (103, '基础配置', '基础的配置', b'0', '/base', 'Layout', b'1', 2, 'el-icon-set-up', '', 0, 1, '2019-11-11 14:38:29', 3, '2019-11-11 14:35:42');
INSERT INTO `c_auth_menu`(`id`, `name`, `describe_`, `is_public`, `path`, `component`, `is_enable`, `sort_value`, `icon`, `group_`, `parent_id`, `create_user`, `create_time`, `update_user`, `update_time`) VALUES (104, '开发者管理', '开发者', b'0', '/developer', 'Layout', b'1', 3, 'el-icon-user-solid', '', 0, 1, '2019-11-11 14:38:34', 3, '2019-11-11 14:35:44');
INSERT INTO `c_auth_menu`(`id`, `name`, `describe_`, `is_public`, `path`, `component`, `is_enable`, `sort_value`, `icon`, `group_`, `parent_id`, `create_user`, `create_time`, `update_user`, `update_time`) VALUES (105, '消息中心', '站内信', b'0', '/msgs', 'Layout', b'1', 4, 'el-icon-chat-line-square', '', 0, 1, '2019-11-11 14:38:32', 3, '2019-11-11 14:35:47');
INSERT INTO `c_auth_menu`(`id`, `name`, `describe_`, `is_public`, `path`, `component`, `is_enable`, `sort_value`, `icon`, `group_`, `parent_id`, `create_user`, `create_time`, `update_user`, `update_time`) VALUES (106, '短信中心', '短信接口', b'0', '/sms', 'Layout', b'1', 5, 'el-icon-chat-line-round', '', 0, 1, '2019-11-11 14:38:36', 3, '2019-11-11 14:35:49');
INSERT INTO `c_auth_menu`(`id`, `name`, `describe_`, `is_public`, `path`, `component`, `is_enable`, `sort_value`, `icon`, `group_`, `parent_id`, `create_user`, `create_time`, `update_user`, `update_time`) VALUES (107, '文件中心', '附件接口', b'0', '/file', 'Layout', b'1', 6, 'el-icon-folder-add', '', 0, 1, '2019-11-11 14:38:38', 3, '2019-11-11 14:35:51');
INSERT INTO `c_auth_menu`(`id`, `name`, `describe_`, `is_public`, `path`, `component`, `is_enable`, `sort_value`, `icon`, `group_`, `parent_id`, `create_user`, `create_time`, `update_user`, `update_time`) VALUES (603976297063910529, '菜单配置', '', b'0', '/auth/menu', 'zuihou/auth/menu/Index', b'1', 0, '', '', 102, 1, '2019-07-25 15:46:11', 3, '2019-11-11 14:31:52');
INSERT INTO `c_auth_menu`(`id`, `name`, `describe_`, `is_public`, `path`, `component`, `is_enable`, `sort_value`, `icon`, `group_`, `parent_id`, `create_user`, `create_time`, `update_user`, `update_time`) VALUES (603981723864141121, '角色管理', '', b'0', '/auth/role', 'zuihou/auth/role/Index', b'1', 1, '', '', 102, 1, '2019-07-25 16:07:45', 3, '2019-11-11 14:31:57');
INSERT INTO `c_auth_menu`(`id`, `name`, `describe_`, `is_public`, `path`, `component`, `is_enable`, `sort_value`, `icon`, `group_`, `parent_id`, `create_user`, `create_time`, `update_user`, `update_time`) VALUES (603982542332235201, '组织管理', '', b'0', '/user/org', 'zuihou/user/org/Index', b'1', 0, '', '', 101, 1, '2019-07-25 16:11:00', 3, '2019-11-11 14:28:40');
INSERT INTO `c_auth_menu`(`id`, `name`, `describe_`, `is_public`, `path`, `component`, `is_enable`, `sort_value`, `icon`, `group_`, `parent_id`, `create_user`, `create_time`, `update_user`, `update_time`) VALUES (603982713849908801, '岗位管理', '', b'0', '/user/station', 'zuihou/user/station/Index', b'1', 1, '', '', 101, 1, '2019-07-25 16:11:41', 3, '2019-11-11 14:28:43');
INSERT INTO `c_auth_menu`(`id`, `name`, `describe_`, `is_public`, `path`, `component`, `is_enable`, `sort_value`, `icon`, `group_`, `parent_id`, `create_user`, `create_time`, `update_user`, `update_time`) VALUES (603983082961243905, '用户管理', '', b'0', '/user/user', 'zuihou/user/user/Index', b'1', 2, '', '', 101, 1, '2019-07-25 16:13:09', 3, '2019-11-11 14:28:49');
INSERT INTO `c_auth_menu`(`id`, `name`, `describe_`, `is_public`, `path`, `component`, `is_enable`, `sort_value`, `icon`, `group_`, `parent_id`, `create_user`, `create_time`, `update_user`, `update_time`) VALUES (605078371293987105, '数据字典维护', '', b'0', '/base/dict', 'zuihou/base/dict/Index', b'1', 0, '', '', 103, 1, '2019-07-28 16:45:26', 3, '2019-11-11 14:34:23');
INSERT INTO `c_auth_menu`(`id`, `name`, `describe_`, `is_public`, `path`, `component`, `is_enable`, `sort_value`, `icon`, `group_`, `parent_id`, `create_user`, `create_time`, `update_user`, `update_time`) VALUES (605078463069552993, '地区信息维护', '', b'0', '/base/area', 'zuihou/base/area/Index', b'1', 1, '', '', 103, 1, '2019-07-28 16:45:48', 3, '2019-11-11 14:34:26');
INSERT INTO `c_auth_menu`(`id`, `name`, `describe_`, `is_public`, `path`, `component`, `is_enable`, `sort_value`, `icon`, `group_`, `parent_id`, `create_user`, `create_time`, `update_user`, `update_time`) VALUES (605078538881597857, '应用管理', '', b'0', '/developer/application', 'zuihou/developer/application/Index', b'1', 0, '', '', 104, 1, '2019-07-28 16:46:06', 3, '2019-12-25 16:19:43');
INSERT INTO `c_auth_menu`(`id`, `name`, `describe_`, `is_public`, `path`, `component`, `is_enable`, `sort_value`, `icon`, `group_`, `parent_id`, `create_user`, `create_time`, `update_user`, `update_time`) VALUES (605078672772170209, '操作日志', '', b'0', '/developer/optLog', 'zuihou/developer/optLog/Index', b'1', 3, '', '', 104, 1, '2019-07-28 16:46:38', 3, '2019-11-11 14:35:14');
INSERT INTO `c_auth_menu`(`id`, `name`, `describe_`, `is_public`, `path`, `component`, `is_enable`, `sort_value`, `icon`, `group_`, `parent_id`, `create_user`, `create_time`, `update_user`, `update_time`) VALUES (605078979149300257, '数据库监控', '', b'0', '/developer/db', 'zuihou/developer/db/Index', b'1', 2, '', '', 104, 1, '2019-07-28 16:47:51', 3, '2019-11-16 16:35:50');
INSERT INTO `c_auth_menu`(`id`, `name`, `describe_`, `is_public`, `path`, `component`, `is_enable`, `sort_value`, `icon`, `group_`, `parent_id`, `create_user`, `create_time`, `update_user`, `update_time`) VALUES (605079239015793249, '接口文档', '', b'0', 'http://tangyh.top:10000/api/gate/doc.html', 'Layout', b'1', 5, '', '', 104, 1, '2019-07-28 16:48:53', 3, '2019-11-16 10:55:03');
INSERT INTO `c_auth_menu`(`id`, `name`, `describe_`, `is_public`, `path`, `component`, `is_enable`, `sort_value`, `icon`, `group_`, `parent_id`, `create_user`, `create_time`, `update_user`, `update_time`) VALUES (605079411338773153, '注册&配置中心', '', b'0', 'http://tangyh.top:10000/nacos', 'Layout', b'1', 6, '', '', 104, 1, '2019-07-28 16:49:34', 3, '2019-11-16 10:55:06');
INSERT INTO `c_auth_menu`(`id`, `name`, `describe_`, `is_public`, `path`, `component`, `is_enable`, `sort_value`, `icon`, `group_`, `parent_id`, `create_user`, `create_time`, `update_user`, `update_time`) VALUES (605079545585861345, '缓存监控', '', b'0', 'http://www.baidu.com', 'Layout', b'1', 7, '', '', 104, 1, '2019-07-28 16:50:06', 3, '2019-11-16 10:55:08');
INSERT INTO `c_auth_menu`(`id`, `name`, `describe_`, `is_public`, `path`, `component`, `is_enable`, `sort_value`, `icon`, `group_`, `parent_id`, `create_user`, `create_time`, `update_user`, `update_time`) VALUES (605079658416833313, '服务器监控', '', b'0', 'http://127.0.0.1:8762/zuihou-monitor', 'Layout', b'1', 8, '', '', 104, 1, '2019-07-28 16:50:33', 3, '2019-11-16 10:55:15');
INSERT INTO `c_auth_menu`(`id`, `name`, `describe_`, `is_public`, `path`, `component`, `is_enable`, `sort_value`, `icon`, `group_`, `parent_id`, `create_user`, `create_time`, `update_user`, `update_time`) VALUES (605079751035454305, '消息推送', '', b'0', '/msgs/sendMsgs', 'zuihou/msgs/sendMsgs/Index', b'1', 0, '', '', 105, 1, '2019-07-28 16:50:55', 3, '2019-11-11 14:28:30');
INSERT INTO `c_auth_menu`(`id`, `name`, `describe_`, `is_public`, `path`, `component`, `is_enable`, `sort_value`, `icon`, `group_`, `parent_id`, `create_user`, `create_time`, `update_user`, `update_time`) VALUES (605080023753294753, '我的消息', '', b'0', '/msgs/myMsgs', 'zuihou/msgs/myMsgs/Index', b'1', 1, '', '', 105, 1, '2019-07-28 16:52:00', 3, '2019-11-11 14:28:27');
INSERT INTO `c_auth_menu`(`id`, `name`, `describe_`, `is_public`, `path`, `component`, `is_enable`, `sort_value`, `icon`, `group_`, `parent_id`, `create_user`, `create_time`, `update_user`, `update_time`) VALUES (605080107379327969, '账号配置', '', b'0', '/sms/template', 'zuihou/sms/template/Index', b'1', 1, '', '', 106, 1, '2019-07-28 16:52:20', 3, '2019-11-21 19:53:17');
INSERT INTO `c_auth_menu`(`id`, `name`, `describe_`, `is_public`, `path`, `component`, `is_enable`, `sort_value`, `icon`, `group_`, `parent_id`, `create_user`, `create_time`, `update_user`, `update_time`) VALUES (605080359394083937, '短信管理', '', b'0', '/sms/manage', 'zuihou/sms/manage/Index', b'1', 0, '', '', 106, 1, '2019-07-28 16:53:20', 3, '2019-11-21 19:53:09');
INSERT INTO `c_auth_menu`(`id`, `name`, `describe_`, `is_public`, `path`, `component`, `is_enable`, `sort_value`, `icon`, `group_`, `parent_id`, `create_user`, `create_time`, `update_user`, `update_time`) VALUES (605080648767505601, '附件列表', '', b'0', '/file/attachment', 'zuihou/file/attachment/Index', b'1', 0, '', '', 107, 1, '2019-07-28 16:54:29', 3, '2019-11-11 14:28:07');
INSERT INTO `c_auth_menu`(`id`, `name`, `describe_`, `is_public`, `path`, `component`, `is_enable`, `sort_value`, `icon`, `group_`, `parent_id`, `create_user`, `create_time`, `update_user`, `update_time`) VALUES (605080816296396097, '定时调度中心', '', b'0', 'http://42.202.130.216:10000/zuihou-jobs-server', 'Layout', b'1', 9, '', '', 104, 1, '2019-07-28 16:55:09', 3, '2019-11-16 10:55:18');
INSERT INTO `c_auth_menu`(`id`, `name`, `describe_`, `is_public`, `path`, `component`, `is_enable`, `sort_value`, `icon`, `group_`, `parent_id`, `create_user`, `create_time`, `update_user`, `update_time`) VALUES (605424535633666945, '接口查询', '', b'0', '/developer/systemApi', 'zuihou/developer/systemApi/Index', b'1', 1, '', '', 104, 1, '2019-07-29 15:40:58', 3, '2019-12-24 14:40:47');
INSERT INTO `c_auth_menu`(`id`, `name`, `describe_`, `is_public`, `path`, `component`, `is_enable`, `sort_value`, `icon`, `group_`, `parent_id`, `create_user`, `create_time`, `update_user`, `update_time`) VALUES (643464272629728001, '务必详看', '', b'1', '/doc', 'zuihou/doc/Index', b'1', 0, 'el-icon-notebook-1', '', 0, 3, '2019-11-11 14:57:18', 3, '2019-11-11 15:01:31');
INSERT INTO `c_auth_menu`(`id`, `name`, `describe_`, `is_public`, `path`, `component`, `is_enable`, `sort_value`, `icon`, `group_`, `parent_id`, `create_user`, `create_time`, `update_user`, `update_time`) VALUES (643464392888812545, '后端代码', '', b'1', 'https://github.com/zuihou/zuihou-admin-cloud', 'Layout', b'1', 1, '', '', 643464272629728001, 3, '2019-11-11 14:57:46', 3, '2019-11-11 15:00:05');
INSERT INTO `c_auth_menu`(`id`, `name`, `describe_`, `is_public`, `path`, `component`, `is_enable`, `sort_value`, `icon`, `group_`, `parent_id`, `create_user`, `create_time`, `update_user`, `update_time`) VALUES (643464517879071841, '租户平台-前端代码', '', b'1', 'https://github.com/zuihou/zuihou-ui', 'Layout', b'1', 2, '', '', 643464272629728001, 3, '2019-11-11 14:58:16', 3, '2019-11-11 15:00:09');
INSERT INTO `c_auth_menu`(`id`, `name`, `describe_`, `is_public`, `path`, `component`, `is_enable`, `sort_value`, `icon`, `group_`, `parent_id`, `create_user`, `create_time`, `update_user`, `update_time`) VALUES (643464706228487361, '运营平台-前端代码', '', b'1', 'https://github.com/zuihou/zuihou-admin-ui', 'Layout', b'1', 3, '', '', 643464272629728001, 3, '2019-11-11 14:59:01', 3, '2019-11-11 15:00:11');
INSERT INTO `c_auth_menu`(`id`, `name`, `describe_`, `is_public`, `path`, `component`, `is_enable`, `sort_value`, `icon`, `group_`, `parent_id`, `create_user`, `create_time`, `update_user`, `update_time`) VALUES (643464953478514081, '在线文档', '', b'1', 'https://www.kancloud.cn/zuihou/zuihou-admin-cloud', 'Layout', b'1', 0, '', '', 643464272629728001, 3, '2019-11-11 15:00:00', 3, '2019-11-11 15:01:36');
INSERT INTO `c_auth_menu`(`id`, `name`, `describe_`, `is_public`, `path`, `component`, `is_enable`, `sort_value`, `icon`, `group_`, `parent_id`, `create_user`, `create_time`, `update_user`, `update_time`) VALUES (643874916004790785, '运营平台演示地址', NULL, b'1', 'http://tangyh.top:180/zuihou-admin-ui', 'Layout', b'1', 4, NULL, NULL, 643464272629728001, 3, '2019-11-12 18:09:03', 641577229343523041, '2019-12-04 16:20:13');
INSERT INTO `c_auth_menu`(`id`, `name`, `describe_`, `is_public`, `path`, `component`, `is_enable`, `sort_value`, `icon`, `group_`, `parent_id`, `create_user`, `create_time`, `update_user`, `update_time`) VALUES (644111530555611361, '链路调用监控', '', b'0', 'http://tangyh.top:10000/zipkin', 'Layout', b'1', 10, '', '', 104, 3, '2019-11-13 09:49:16', 3, '2019-11-13 09:56:51');
INSERT INTO `c_auth_menu`(`id`, `name`, `describe_`, `is_public`, `path`, `component`, `is_enable`, `sort_value`, `icon`, `group_`, `parent_id`, `create_user`, `create_time`, `update_user`, `update_time`) VALUES (645215230518909025, '登录日志', '', b'0', '/developer/loginLog', 'zuihou/developer/loginLog/Index', b'1', 4, '', '', 104, 3, '2019-11-16 10:54:59', 3, '2019-11-16 10:54:59');
INSERT INTO `c_auth_menu`(`id`, `name`, `describe_`, `is_public`, `path`, `component`, `is_enable`, `sort_value`, `icon`, `group_`, `parent_id`, `create_user`, `create_time`, `update_user`, `update_time`) VALUES (1225042542827929600, '参数配置', '', b'0', '/base/parameter', 'zuihou/base/parameter/Index', b'1', 3, '', '', 103, 3, '2020-02-05 21:04:37', 3, '2020-02-05 21:04:37');
INSERT INTO `c_auth_menu`(`id`, `name`, `describe_`, `is_public`, `path`, `component`, `is_enable`, `sort_value`, `icon`, `group_`, `parent_id`, `create_user`, `create_time`, `update_user`, `update_time`) VALUES (1225984177602560000, '测试菜单', '', b'0', '/base/product', 'zuihou/base/product/Index', b'1', 4, '', '', 103, 3, '2020-02-08 11:26:20', 3, '2020-02-09 15:37:01');

INSERT INTO `c_auth_resource`(`id`, `code`, `name`, `menu_id`, `describe_`, `create_user`, `create_time`, `update_user`, `update_time`) VALUES (643444685339100193, 'org:add', '添加', 603982542332235201, '', 3, '2019-11-11 13:39:28', 3, '2019-11-11 13:39:50');
INSERT INTO `c_auth_resource`(`id`, `code`, `name`, `menu_id`, `describe_`, `create_user`, `create_time`, `update_user`, `update_time`) VALUES (643444685339100194, 'role:config', '配置', 603981723864141121, '', 3, '2019-11-11 13:39:28', 3, '2019-11-11 13:39:50');
INSERT INTO `c_auth_resource`(`id`, `code`, `name`, `menu_id`, `describe_`, `create_user`, `create_time`, `update_user`, `update_time`) VALUES (643444685339100195, 'resource:add', '添加', 603976297063910529, '', 3, '2019-11-11 13:39:28', 3, '2019-11-11 13:39:50');
INSERT INTO `c_auth_resource`(`id`, `code`, `name`, `menu_id`, `describe_`, `create_user`, `create_time`, `update_user`, `update_time`) VALUES (643444685339100196, 'resource:update', '修改', 603976297063910529, '', 3, '2019-11-11 13:39:28', 3, '2019-11-11 13:39:50');
INSERT INTO `c_auth_resource`(`id`, `code`, `name`, `menu_id`, `describe_`, `create_user`, `create_time`, `update_user`, `update_time`) VALUES (643444685339100197, 'resource:delete', '删除', 603976297063910529, '', 3, '2019-11-11 13:39:28', 3, '2019-11-11 13:39:50');
INSERT INTO `c_auth_resource`(`id`, `code`, `name`, `menu_id`, `describe_`, `create_user`, `create_time`, `update_user`, `update_time`) VALUES (643444819758154945, 'org:update', '修改', 603982542332235201, '', 3, '2019-11-11 13:40:00', 3, '2019-11-11 13:40:00');
INSERT INTO `c_auth_resource`(`id`, `code`, `name`, `menu_id`, `describe_`, `create_user`, `create_time`, `update_user`, `update_time`) VALUES (643444858974897441, 'org:delete', '删除', 603982542332235201, '', 3, '2019-11-11 13:40:09', 3, '2019-11-11 13:40:09');
INSERT INTO `c_auth_resource`(`id`, `code`, `name`, `menu_id`, `describe_`, `create_user`, `create_time`, `update_user`, `update_time`) VALUES (643444897201784193, 'org:view', '查询', 603982542332235201, '', 3, '2019-11-11 13:40:18', 3, '2019-11-11 13:40:18');
INSERT INTO `c_auth_resource`(`id`, `code`, `name`, `menu_id`, `describe_`, `create_user`, `create_time`, `update_user`, `update_time`) VALUES (643444992357959137, 'org:import', '导入', 603982542332235201, '', 3, '2019-11-11 13:40:41', 3, '2019-11-11 13:40:41');
INSERT INTO `c_auth_resource`(`id`, `code`, `name`, `menu_id`, `describe_`, `create_user`, `create_time`, `update_user`, `update_time`) VALUES (643445016773002817, 'org:export', '导出', 603982542332235201, '', 3, '2019-11-11 13:40:47', 3, '2019-11-11 13:40:47');
INSERT INTO `c_auth_resource`(`id`, `code`, `name`, `menu_id`, `describe_`, `create_user`, `create_time`, `update_user`, `update_time`) VALUES (643445116756821697, 'station:add', '添加', 603982713849908801, '', 3, '2019-11-11 13:41:11', 3, '2019-11-11 13:41:11');
INSERT INTO `c_auth_resource`(`id`, `code`, `name`, `menu_id`, `describe_`, `create_user`, `create_time`, `update_user`, `update_time`) VALUES (643445162915137313, 'station:update', '修改', 603982713849908801, '', 3, '2019-11-11 13:41:22', 3, '2019-11-11 13:41:22');
INSERT INTO `c_auth_resource`(`id`, `code`, `name`, `menu_id`, `describe_`, `create_user`, `create_time`, `update_user`, `update_time`) VALUES (643445197954353025, 'station:delete', '删除', 603982713849908801, '', 3, '2019-11-11 13:41:30', 3, '2019-11-11 13:41:30');
INSERT INTO `c_auth_resource`(`id`, `code`, `name`, `menu_id`, `describe_`, `create_user`, `create_time`, `update_user`, `update_time`) VALUES (643445229575210977, 'station:view', '查看', 603982713849908801, '', 3, '2019-11-11 13:41:38', 3, '2019-11-11 13:41:38');
INSERT INTO `c_auth_resource`(`id`, `code`, `name`, `menu_id`, `describe_`, `create_user`, `create_time`, `update_user`, `update_time`) VALUES (643445262110427201, 'station:export', '导出', 603982713849908801, '', 3, '2019-11-11 13:41:45', 3, '2019-11-11 13:41:45');
INSERT INTO `c_auth_resource`(`id`, `code`, `name`, `menu_id`, `describe_`, `create_user`, `create_time`, `update_user`, `update_time`) VALUES (643445283996305569, 'station:import', '导入', 603982713849908801, '', 3, '2019-11-11 13:41:51', 3, '2019-11-11 13:41:51');
INSERT INTO `c_auth_resource`(`id`, `code`, `name`, `menu_id`, `describe_`, `create_user`, `create_time`, `update_user`, `update_time`) VALUES (643445352703199521, 'user:add', '添加', 603983082961243905, '', 3, '2019-11-11 13:42:07', 3, '2019-11-11 13:42:07');
INSERT INTO `c_auth_resource`(`id`, `code`, `name`, `menu_id`, `describe_`, `create_user`, `create_time`, `update_user`, `update_time`) VALUES (643445412774021505, 'user:update', '修改', 603983082961243905, '', 3, '2019-11-11 13:42:21', 3, '2019-11-11 13:42:21');
INSERT INTO `c_auth_resource`(`id`, `code`, `name`, `menu_id`, `describe_`, `create_user`, `create_time`, `update_user`, `update_time`) VALUES (643445448081672673, 'user:delete', '删除', 603983082961243905, '', 3, '2019-11-11 13:42:30', 3, '2019-11-11 13:42:30');
INSERT INTO `c_auth_resource`(`id`, `code`, `name`, `menu_id`, `describe_`, `create_user`, `create_time`, `update_user`, `update_time`) VALUES (643445477274028609, 'user:view', '查看', 603983082961243905, '', 3, '2019-11-11 13:42:37', 3, '2019-11-11 13:42:37');
INSERT INTO `c_auth_resource`(`id`, `code`, `name`, `menu_id`, `describe_`, `create_user`, `create_time`, `update_user`, `update_time`) VALUES (643445514607528609, 'user:import', '导入', 603983082961243905, '', 3, '2019-11-11 13:42:46', 3, '2019-11-11 13:42:46');
INSERT INTO `c_auth_resource`(`id`, `code`, `name`, `menu_id`, `describe_`, `create_user`, `create_time`, `update_user`, `update_time`) VALUES (643445542076025601, 'user:export', '导出', 603983082961243905, '', 3, '2019-11-11 13:42:52', 3, '2019-11-11 13:42:52');
INSERT INTO `c_auth_resource`(`id`, `code`, `name`, `menu_id`, `describe_`, `create_user`, `create_time`, `update_user`, `update_time`) VALUES (643445641149680705, 'menu:add', '添加', 603976297063910529, '', 3, '2019-11-11 13:43:16', 3, '2019-11-11 13:43:16');
INSERT INTO `c_auth_resource`(`id`, `code`, `name`, `menu_id`, `describe_`, `create_user`, `create_time`, `update_user`, `update_time`) VALUES (643445674330819745, 'menu:update', '修改', 603976297063910529, '', 3, '2019-11-11 13:43:24', 3, '2019-11-11 13:43:24');
INSERT INTO `c_auth_resource`(`id`, `code`, `name`, `menu_id`, `describe_`, `create_user`, `create_time`, `update_user`, `update_time`) VALUES (643445704177487105, 'menu:delete', '删除', 603976297063910529, '', 3, '2019-11-11 13:43:31', 3, '2019-11-11 13:43:31');
INSERT INTO `c_auth_resource`(`id`, `code`, `name`, `menu_id`, `describe_`, `create_user`, `create_time`, `update_user`, `update_time`) VALUES (643445747320098145, 'menu:view', '查看', 603976297063910529, '', 3, '2019-11-11 13:43:41', 3, '2019-11-11 13:43:41');
INSERT INTO `c_auth_resource`(`id`, `code`, `name`, `menu_id`, `describe_`, `create_user`, `create_time`, `update_user`, `update_time`) VALUES (643445774687931841, 'menu:export', '导出', 603976297063910529, '', 3, '2019-11-11 13:43:48', 3, '2019-11-11 13:43:48');
INSERT INTO `c_auth_resource`(`id`, `code`, `name`, `menu_id`, `describe_`, `create_user`, `create_time`, `update_user`, `update_time`) VALUES (643445802106097185, 'menu:import', '导入', 603976297063910529, '', 3, '2019-11-11 13:43:54', 3, '2019-11-11 13:43:54');
INSERT INTO `c_auth_resource`(`id`, `code`, `name`, `menu_id`, `describe_`, `create_user`, `create_time`, `update_user`, `update_time`) VALUES (643448338154263521, 'role:add', '添加', 603981723864141121, '', 3, '2019-11-11 13:53:59', 3, '2019-11-11 13:53:59');
INSERT INTO `c_auth_resource`(`id`, `code`, `name`, `menu_id`, `describe_`, `create_user`, `create_time`, `update_user`, `update_time`) VALUES (643448369779315777, 'role:update', '修改', 603981723864141121, '', 3, '2019-11-11 13:54:06', 3, '2019-11-11 13:54:06');
INSERT INTO `c_auth_resource`(`id`, `code`, `name`, `menu_id`, `describe_`, `create_user`, `create_time`, `update_user`, `update_time`) VALUES (643448507767723169, 'role:delete', '删除', 603981723864141121, '', 3, '2019-11-11 13:54:39', 3, '2019-11-11 13:54:39');
INSERT INTO `c_auth_resource`(`id`, `code`, `name`, `menu_id`, `describe_`, `create_user`, `create_time`, `update_user`, `update_time`) VALUES (643448611161511169, 'role:view', '查看', 603981723864141121, '', 3, '2019-11-11 13:55:04', 3, '2019-11-11 13:55:04');
INSERT INTO `c_auth_resource`(`id`, `code`, `name`, `menu_id`, `describe_`, `create_user`, `create_time`, `update_user`, `update_time`) VALUES (643448656451605857, 'role:export', '导出', 603981723864141121, '', 3, '2019-11-11 13:55:15', 3, '2019-11-11 13:55:15');
INSERT INTO `c_auth_resource`(`id`, `code`, `name`, `menu_id`, `describe_`, `create_user`, `create_time`, `update_user`, `update_time`) VALUES (643448730950833601, 'role:import', '导入', 603981723864141121, '', 3, '2019-11-11 13:55:32', 3, '2019-11-11 13:55:32');
INSERT INTO `c_auth_resource`(`id`, `code`, `name`, `menu_id`, `describe_`, `create_user`, `create_time`, `update_user`, `update_time`) VALUES (643448826945869409, 'role:auth', '授权', 603981723864141121, '', 3, '2019-11-11 13:55:55', 3, '2019-11-11 13:55:55');
INSERT INTO `c_auth_resource`(`id`, `code`, `name`, `menu_id`, `describe_`, `create_user`, `create_time`, `update_user`, `update_time`) VALUES (643449540959016737, 'dict:add', '添加', 605078371293987105, '', 3, '2019-11-11 13:58:45', 3, '2019-11-11 13:58:45');
INSERT INTO `c_auth_resource`(`id`, `code`, `name`, `menu_id`, `describe_`, `create_user`, `create_time`, `update_user`, `update_time`) VALUES (643449573045442433, 'dict:update', '修改', 605078371293987105, '', 3, '2019-11-11 13:58:53', 3, '2019-11-11 13:58:53');
INSERT INTO `c_auth_resource`(`id`, `code`, `name`, `menu_id`, `describe_`, `create_user`, `create_time`, `update_user`, `update_time`) VALUES (643449629173618657, 'dict:view', '查看', 605078371293987105, '', 3, '2019-11-11 13:59:07', 3, '2019-11-11 13:59:07');
INSERT INTO `c_auth_resource`(`id`, `code`, `name`, `menu_id`, `describe_`, `create_user`, `create_time`, `update_user`, `update_time`) VALUES (643449944866297985, 'dict:delete', '删除', 605078371293987105, '', 3, '2019-11-11 14:00:22', 3, '2019-11-11 14:00:22');
INSERT INTO `c_auth_resource`(`id`, `code`, `name`, `menu_id`, `describe_`, `create_user`, `create_time`, `update_user`, `update_time`) VALUES (643449998909905121, 'dict:export', '导出', 605078371293987105, '', 3, '2019-11-11 14:00:35', 3, '2019-11-11 14:00:35');
INSERT INTO `c_auth_resource`(`id`, `code`, `name`, `menu_id`, `describe_`, `create_user`, `create_time`, `update_user`, `update_time`) VALUES (643450072595437889, 'dict:import', '导入', 605078371293987105, '', 3, '2019-11-11 14:00:52', 3, '2019-11-11 14:00:52');
INSERT INTO `c_auth_resource`(`id`, `code`, `name`, `menu_id`, `describe_`, `create_user`, `create_time`, `update_user`, `update_time`) VALUES (643450171333548481, 'area:add', '添加', 605078463069552993, '', 3, '2019-11-11 14:01:16', 3, '2019-11-11 14:01:16');
INSERT INTO `c_auth_resource`(`id`, `code`, `name`, `menu_id`, `describe_`, `create_user`, `create_time`, `update_user`, `update_time`) VALUES (643450210449627681, 'area:update', '修改', 605078463069552993, '', 3, '2019-11-11 14:01:25', 3, '2019-11-11 14:01:25');
INSERT INTO `c_auth_resource`(`id`, `code`, `name`, `menu_id`, `describe_`, `create_user`, `create_time`, `update_user`, `update_time`) VALUES (643450295858240129, 'area:delete', '删除', 605078463069552993, '', 3, '2019-11-11 14:01:45', 3, '2019-11-11 14:01:45');
INSERT INTO `c_auth_resource`(`id`, `code`, `name`, `menu_id`, `describe_`, `create_user`, `create_time`, `update_user`, `update_time`) VALUES (643450326619265761, 'area:view', '查看', 605078463069552993, '', 3, '2019-11-11 14:01:53', 3, '2019-11-11 14:01:53');
INSERT INTO `c_auth_resource`(`id`, `code`, `name`, `menu_id`, `describe_`, `create_user`, `create_time`, `update_user`, `update_time`) VALUES (643450551291353921, 'area:export', '导出', 605078463069552993, '', 3, '2019-11-11 14:02:46', 3, '2019-11-11 14:02:46');
INSERT INTO `c_auth_resource`(`id`, `code`, `name`, `menu_id`, `describe_`, `create_user`, `create_time`, `update_user`, `update_time`) VALUES (643450602218593185, 'area:import', '导入', 605078463069552993, '', 3, '2019-11-11 14:02:59', 3, '2019-11-11 14:02:59');
INSERT INTO `c_auth_resource`(`id`, `code`, `name`, `menu_id`, `describe_`, `create_user`, `create_time`, `update_user`, `update_time`) VALUES (643450770317909249, 'optLog:view', '查看', 605078672772170209, '', 3, '2019-11-11 14:03:39', 3, '2019-11-11 14:03:39');
INSERT INTO `c_auth_resource`(`id`, `code`, `name`, `menu_id`, `describe_`, `create_user`, `create_time`, `update_user`, `update_time`) VALUES (643450853134441825, 'optLog:export', '导出', 605078672772170209, '', 3, '2019-11-11 14:03:58', 3, '2019-11-11 14:03:58');
INSERT INTO `c_auth_resource`(`id`, `code`, `name`, `menu_id`, `describe_`, `create_user`, `create_time`, `update_user`, `update_time`) VALUES (643451893279892129, 'msgs:view', '查看', 605080023753294753, '', 3, '2019-11-11 14:08:06', 3, '2019-11-11 14:08:06');
INSERT INTO `c_auth_resource`(`id`, `code`, `name`, `menu_id`, `describe_`, `create_user`, `create_time`, `update_user`, `update_time`) VALUES (643451945020826369, 'msgs:delete', '删除', 605080023753294753, '', 3, '2019-11-11 14:08:19', 3, '2019-11-11 14:08:19');
INSERT INTO `c_auth_resource`(`id`, `code`, `name`, `menu_id`, `describe_`, `create_user`, `create_time`, `update_user`, `update_time`) VALUES (643451994945626977, 'msgs:update', '修改', 605080023753294753, '', 3, '2019-11-11 14:08:31', 3, '2019-11-11 14:08:31');
INSERT INTO `c_auth_resource`(`id`, `code`, `name`, `menu_id`, `describe_`, `create_user`, `create_time`, `update_user`, `update_time`) VALUES (643452086981239745, 'msgs:export', '导出', 605080023753294753, '', 3, '2019-11-11 14:08:53', 3, '2019-11-11 14:08:53');
INSERT INTO `c_auth_resource`(`id`, `code`, `name`, `menu_id`, `describe_`, `create_user`, `create_time`, `update_user`, `update_time`) VALUES (643452393857492033, 'sms:template:add', '添加', 605080107379327969, '', 3, '2019-11-11 14:10:06', 3, '2019-11-11 14:10:06');
INSERT INTO `c_auth_resource`(`id`, `code`, `name`, `menu_id`, `describe_`, `create_user`, `create_time`, `update_user`, `update_time`) VALUES (643452429496493217, 'sms:template:update', '修改', 605080107379327969, '', 3, '2019-11-11 14:10:14', 3, '2019-11-11 14:10:14');
INSERT INTO `c_auth_resource`(`id`, `code`, `name`, `menu_id`, `describe_`, `create_user`, `create_time`, `update_user`, `update_time`) VALUES (643452458693043457, 'sms:template:view', '查看', 605080107379327969, '', 3, '2019-11-11 14:10:21', 3, '2019-11-11 14:10:21');
INSERT INTO `c_auth_resource`(`id`, `code`, `name`, `menu_id`, `describe_`, `create_user`, `create_time`, `update_user`, `update_time`) VALUES (643452488447436129, 'sms:template:delete', '删除', 605080107379327969, '', 3, '2019-11-11 14:10:28', 3, '2019-11-11 14:10:28');
INSERT INTO `c_auth_resource`(`id`, `code`, `name`, `menu_id`, `describe_`, `create_user`, `create_time`, `update_user`, `update_time`) VALUES (643452536954561985, 'sms:template:import', '导入', 605080107379327969, '', 3, '2019-11-11 14:10:40', 3, '2019-11-11 14:10:40');
INSERT INTO `c_auth_resource`(`id`, `code`, `name`, `menu_id`, `describe_`, `create_user`, `create_time`, `update_user`, `update_time`) VALUES (643452571645650465, 'sms:template:export', '导入', 605080107379327969, '', 3, '2019-11-11 14:10:48', 3, '2019-11-11 14:10:48');
INSERT INTO `c_auth_resource`(`id`, `code`, `name`, `menu_id`, `describe_`, `create_user`, `create_time`, `update_user`, `update_time`) VALUES (643454073500084577, 'sms:manage:add', '添加', 605080359394083937, '', 3, '2019-11-11 14:16:46', 3, '2019-11-11 14:16:46');
INSERT INTO `c_auth_resource`(`id`, `code`, `name`, `menu_id`, `describe_`, `create_user`, `create_time`, `update_user`, `update_time`) VALUES (643454110992968129, 'sms:manage:update', '修改', 605080359394083937, '', 3, '2019-11-11 14:16:55', 3, '2019-11-11 14:16:55');
INSERT INTO `c_auth_resource`(`id`, `code`, `name`, `menu_id`, `describe_`, `create_user`, `create_time`, `update_user`, `update_time`) VALUES (643454150905965089, 'sms:manage:view', '查看', 605080359394083937, '', 3, '2019-11-11 14:17:05', 3, '2019-11-11 14:17:05');
INSERT INTO `c_auth_resource`(`id`, `code`, `name`, `menu_id`, `describe_`, `create_user`, `create_time`, `update_user`, `update_time`) VALUES (643454825052252961, 'sms:manage:delete', '删除', 605080359394083937, '', 3, '2019-11-11 14:19:45', 3, '2019-11-11 14:19:45');
INSERT INTO `c_auth_resource`(`id`, `code`, `name`, `menu_id`, `describe_`, `create_user`, `create_time`, `update_user`, `update_time`) VALUES (643455175503129569, 'sms:manage:export', '导出', 605080359394083937, '', 3, '2019-11-11 14:21:09', 3, '2019-11-11 14:26:05');
INSERT INTO `c_auth_resource`(`id`, `code`, `name`, `menu_id`, `describe_`, `create_user`, `create_time`, `update_user`, `update_time`) VALUES (643455720519380097, 'sms:manage:import', '导入', 605080359394083937, '', 3, '2019-11-11 14:23:19', 3, '2019-11-11 14:23:19');
INSERT INTO `c_auth_resource`(`id`, `code`, `name`, `menu_id`, `describe_`, `create_user`, `create_time`, `update_user`, `update_time`) VALUES (643456690892582401, 'file:add', '添加', 605080648767505601, '', 3, '2019-11-11 14:27:10', 3, '2019-11-11 14:27:10');
INSERT INTO `c_auth_resource`(`id`, `code`, `name`, `menu_id`, `describe_`, `create_user`, `create_time`, `update_user`, `update_time`) VALUES (643456724186967649, 'file:update', '修改', 605080648767505601, '', 3, '2019-11-11 14:27:18', 3, '2019-11-11 14:27:18');
INSERT INTO `c_auth_resource`(`id`, `code`, `name`, `menu_id`, `describe_`, `create_user`, `create_time`, `update_user`, `update_time`) VALUES (643456761927315137, 'file:delete', '删除', 605080648767505601, '', 3, '2019-11-11 14:27:27', 3, '2019-11-11 14:27:27');
INSERT INTO `c_auth_resource`(`id`, `code`, `name`, `menu_id`, `describe_`, `create_user`, `create_time`, `update_user`, `update_time`) VALUES (643456789920100129, 'file:view', '查看', 605080648767505601, '', 3, '2019-11-11 14:27:34', 3, '2019-11-11 14:27:34');
INSERT INTO `c_auth_resource`(`id`, `code`, `name`, `menu_id`, `describe_`, `create_user`, `create_time`, `update_user`, `update_time`) VALUES (643456884694593409, 'file:download', '下载', 605080648767505601, '', 3, '2019-11-11 14:27:56', 3, '2019-11-11 14:27:56');
INSERT INTO `c_auth_resource`(`id`, `code`, `name`, `menu_id`, `describe_`, `create_user`, `create_time`, `update_user`, `update_time`) VALUES (645288214990422241, 'optLog:delete', '删除', 605078672772170209, '', 3, '2019-11-16 15:45:00', 3, '2019-11-16 15:45:00');
INSERT INTO `c_auth_resource`(`id`, `code`, `name`, `menu_id`, `describe_`, `create_user`, `create_time`, `update_user`, `update_time`) VALUES (645288283693121889, 'loginLog:delete', '删除', 645215230518909025, '', 3, '2019-11-16 15:45:16', 3, '2019-11-16 15:45:16');
INSERT INTO `c_auth_resource`(`id`, `code`, `name`, `menu_id`, `describe_`, `create_user`, `create_time`, `update_user`, `update_time`) VALUES (645288375300915649, 'loginLog:export', '导出', 645215230518909025, '', 3, '2019-11-16 15:45:38', 3, '2019-11-16 15:45:38');
INSERT INTO `c_auth_resource`(`id`, `code`, `name`, `menu_id`, `describe_`, `create_user`, `create_time`, `update_user`, `update_time`) VALUES (648846610591122721, 'sms:manage:copy', '复制', 605080359394083937, '', 3, '2019-11-26 11:24:47', 3, '2019-11-26 11:24:47');
INSERT INTO `c_auth_resource`(`id`, `code`, `name`, `menu_id`, `describe_`, `create_user`, `create_time`, `update_user`, `update_time`) VALUES (658002570005972001, 'msgs:add', '新增', 605080023753294753, '', 3, '2019-12-21 17:47:18', 3, '2019-12-21 17:47:18');
INSERT INTO `c_auth_resource`(`id`, `code`, `name`, `menu_id`, `describe_`, `create_user`, `create_time`, `update_user`, `update_time`) VALUES (658002632467547265, 'msgs:mark', '标记已读', 605080023753294753, '', 3, '2019-12-21 17:47:33', 3, '2019-12-21 17:47:33');
INSERT INTO `c_auth_resource`(`id`, `code`, `name`, `menu_id`, `describe_`, `create_user`, `create_time`, `update_user`, `update_time`) VALUES (659045058871296641, 'systemApi:add', '新增', 605424535633666945, '', 3, '2019-12-24 14:49:47', 3, '2019-12-24 14:49:47');
INSERT INTO `c_auth_resource`(`id`, `code`, `name`, `menu_id`, `describe_`, `create_user`, `create_time`, `update_user`, `update_time`) VALUES (659045100646564577, 'systemApi:delete', '删除', 605424535633666945, '', 3, '2019-12-24 14:49:57', 3, '2019-12-24 14:49:57');
INSERT INTO `c_auth_resource`(`id`, `code`, `name`, `menu_id`, `describe_`, `create_user`, `create_time`, `update_user`, `update_time`) VALUES (659045145735332673, 'systemApi:update', '修改', 605424535633666945, '', 3, '2019-12-24 14:50:07', 3, '2019-12-24 14:50:07');
INSERT INTO `c_auth_resource`(`id`, `code`, `name`, `menu_id`, `describe_`, `create_user`, `create_time`, `update_user`, `update_time`) VALUES (659045207890723745, 'systemApi:export', '导出', 605424535633666945, '', 3, '2019-12-24 14:50:22', 3, '2019-12-24 14:50:22');
INSERT INTO `c_auth_resource`(`id`, `code`, `name`, `menu_id`, `describe_`, `create_user`, `create_time`, `update_user`, `update_time`) VALUES (659430164874134689, 'systemApi:view', '查看', 605424535633666945, '', 3, '2019-12-25 16:20:03', 3, '2019-12-25 16:20:03');
INSERT INTO `c_auth_resource`(`id`, `code`, `name`, `menu_id`, `describe_`, `create_user`, `create_time`, `update_user`, `update_time`) VALUES (659702641965662497, 'application:add', '新增', 605078538881597857, '', 3, '2019-12-26 10:22:47', 3, '2019-12-26 10:22:47');
INSERT INTO `c_auth_resource`(`id`, `code`, `name`, `menu_id`, `describe_`, `create_user`, `create_time`, `update_user`, `update_time`) VALUES (659702674622513537, 'application:update', '修改', 605078538881597857, '', 3, '2019-12-26 10:22:55', 3, '2019-12-26 10:22:55');
INSERT INTO `c_auth_resource`(`id`, `code`, `name`, `menu_id`, `describe_`, `create_user`, `create_time`, `update_user`, `update_time`) VALUES (659702756889592289, 'application:delete', '删除', 605078538881597857, '', 3, '2019-12-26 10:23:14', 3, '2019-12-26 10:23:14');
INSERT INTO `c_auth_resource`(`id`, `code`, `name`, `menu_id`, `describe_`, `create_user`, `create_time`, `update_user`, `update_time`) VALUES (659702791312245313, 'application:view', '查看', 605078538881597857, '', 3, '2019-12-26 10:23:22', 3, '2019-12-26 10:23:22');
INSERT INTO `c_auth_resource`(`id`, `code`, `name`, `menu_id`, `describe_`, `create_user`, `create_time`, `update_user`, `update_time`) VALUES (659702853945787041, 'application:export', '导出', 605078538881597857, '', 3, '2019-12-26 10:23:37', 3, '2019-12-26 10:23:37');
INSERT INTO `c_auth_resource`(`id`, `code`, `name`, `menu_id`, `describe_`, `create_user`, `create_time`, `update_user`, `update_time`) VALUES (1225042691843162112, 'parameter:add', '添加', 1225042542827929600, '', 3, '2020-02-05 21:05:13', 3, '2020-02-05 21:05:13');
INSERT INTO `c_auth_resource`(`id`, `code`, `name`, `menu_id`, `describe_`, `create_user`, `create_time`, `update_user`, `update_time`) VALUES (1225042821497487360, 'parameter:update', '修改', 1225042542827929600, '', 3, '2020-02-05 21:05:43', 3, '2020-02-05 21:05:43');
INSERT INTO `c_auth_resource`(`id`, `code`, `name`, `menu_id`, `describe_`, `create_user`, `create_time`, `update_user`, `update_time`) VALUES (1225042887989788672, 'parameter:copy', '复制', 1225042542827929600, '', 3, '2020-02-05 21:05:59', 3, '2020-02-05 21:05:59');
INSERT INTO `c_auth_resource`(`id`, `code`, `name`, `menu_id`, `describe_`, `create_user`, `create_time`, `update_user`, `update_time`) VALUES (1225042949172101120, 'parameter:delete', '删除', 1225042542827929600, '', 3, '2020-02-05 21:06:14', 3, '2020-02-05 21:06:14');
INSERT INTO `c_auth_resource`(`id`, `code`, `name`, `menu_id`, `describe_`, `create_user`, `create_time`, `update_user`, `update_time`) VALUES (1225043012455759872, 'parameter:export', '导出', 1225042542827929600, '', 3, '2020-02-05 21:06:29', 3, '2020-02-05 21:06:29');
INSERT INTO `c_auth_resource`(`id`, `code`, `name`, `menu_id`, `describe_`, `create_user`, `create_time`, `update_user`, `update_time`) VALUES (1225984228617879552, 'product:add', 'add', 1225984177602560000, '', 3, '2020-02-08 11:26:32', 3, '2020-02-08 11:26:32');
INSERT INTO `c_auth_resource`(`id`, `code`, `name`, `menu_id`, `describe_`, `create_user`, `create_time`, `update_user`, `update_time`) VALUES (1225984257483079680, 'product:update', 'update', 1225984177602560000, '', 3, '2020-02-08 11:26:39', 3, '2020-02-08 11:26:39');
INSERT INTO `c_auth_resource`(`id`, `code`, `name`, `menu_id`, `describe_`, `create_user`, `create_time`, `update_user`, `update_time`) VALUES (1225984321857257472, 'product:copy', 'copy', 1225984177602560000, '', 3, '2020-02-08 11:26:55', 3, '2020-02-08 11:26:55');
INSERT INTO `c_auth_resource`(`id`, `code`, `name`, `menu_id`, `describe_`, `create_user`, `create_time`, `update_user`, `update_time`) VALUES (1225984359173980160, 'product:delete', 'del', 1225984177602560000, '', 3, '2020-02-08 11:27:04', 3, '2020-02-08 11:27:04');
INSERT INTO `c_auth_resource`(`id`, `code`, `name`, `menu_id`, `describe_`, `create_user`, `create_time`, `update_user`, `update_time`) VALUES (1225984389242945536, 'product:export', 'export', 1225984177602560000, '', 3, '2020-02-08 11:27:11', 3, '2020-02-08 11:27:11');

INSERT INTO `c_auth_role`(`id`, `name`, `code`, `describe_`, `status`, `readonly`, `ds_type`, `create_user`, `create_time`, `update_user`, `update_time`) VALUES (100, '平台管理员', 'PT_ADMIN', '平台内置管理员', b'1', b'1', 'ALL', 1, '2019-10-25 13:46:00', 3, '2020-02-12 15:05:17');
INSERT INTO `c_auth_role`(`id`, `name`, `code`, `describe_`, `status`, `readonly`, `ds_type`, `create_user`, `create_time`, `update_user`, `update_time`) VALUES (643779012732130273, '普通员工', 'BASE_USER', '只有最基本的权限', b'1', b'0', 'SELF', 3, '2019-11-12 11:47:58', 3, '2019-11-16 09:47:11');
INSERT INTO `c_auth_role`(`id`, `name`, `code`, `describe_`, `status`, `readonly`, `ds_type`, `create_user`, `create_time`, `update_user`, `update_time`) VALUES (645198153556958497, '部门经理', 'DEPT_MANAGER', '管理本级以及子级用户', b'1', b'0', 'THIS_LEVEL_CHILDREN', 3, '2019-11-16 09:47:07', 3, '2019-11-26 11:06:58');

INSERT INTO `c_auth_role_authority`(`id`, `authority_id`, `authority_type`, `role_id`, `create_time`, `create_user`) VALUES (655083808609012321, 643445116756821697, 'RESOURCE', 643779012732130273, '2019-12-13 16:29:11', 3);
INSERT INTO `c_auth_role_authority`(`id`, `authority_id`, `authority_type`, `role_id`, `create_time`, `create_user`) VALUES (655083808613206657, 643445262110427201, 'RESOURCE', 643779012732130273, '2019-12-13 16:29:11', 3);
INSERT INTO `c_auth_role_authority`(`id`, `authority_id`, `authority_type`, `role_id`, `create_time`, `create_user`) VALUES (655083808617400993, 643445197954353025, 'RESOURCE', 643779012732130273, '2019-12-13 16:29:11', 3);
INSERT INTO `c_auth_role_authority`(`id`, `authority_id`, `authority_type`, `role_id`, `create_time`, `create_user`) VALUES (655083808617401025, 643445162915137313, 'RESOURCE', 643779012732130273, '2019-12-13 16:29:11', 3);
INSERT INTO `c_auth_role_authority`(`id`, `authority_id`, `authority_type`, `role_id`, `create_time`, `create_user`) VALUES (655083808617401057, 643445412774021505, 'RESOURCE', 643779012732130273, '2019-12-13 16:29:11', 3);
INSERT INTO `c_auth_role_authority`(`id`, `authority_id`, `authority_type`, `role_id`, `create_time`, `create_user`) VALUES (655083808617401089, 643445283996305569, 'RESOURCE', 643779012732130273, '2019-12-13 16:29:11', 3);
INSERT INTO `c_auth_role_authority`(`id`, `authority_id`, `authority_type`, `role_id`, `create_time`, `create_user`) VALUES (655083808621595425, 603982713849908801, 'MENU', 643779012732130273, '2019-12-13 16:29:11', 3);
INSERT INTO `c_auth_role_authority`(`id`, `authority_id`, `authority_type`, `role_id`, `create_time`, `create_user`) VALUES (655083808621595457, 101, 'MENU', 643779012732130273, '2019-12-13 16:29:11', 3);
INSERT INTO `c_auth_role_authority`(`id`, `authority_id`, `authority_type`, `role_id`, `create_time`, `create_user`) VALUES (655083808621595489, 605080023753294753, 'MENU', 643779012732130273, '2019-12-13 16:29:11', 3);
INSERT INTO `c_auth_role_authority`(`id`, `authority_id`, `authority_type`, `role_id`, `create_time`, `create_user`) VALUES (655083808621595521, 104, 'MENU', 643779012732130273, '2019-12-13 16:29:11', 3);
INSERT INTO `c_auth_role_authority`(`id`, `authority_id`, `authority_type`, `role_id`, `create_time`, `create_user`) VALUES (655083808625789857, 603983082961243905, 'MENU', 643779012732130273, '2019-12-13 16:29:11', 3);
INSERT INTO `c_auth_role_authority`(`id`, `authority_id`, `authority_type`, `role_id`, `create_time`, `create_user`) VALUES (655083808625789889, 105, 'MENU', 643779012732130273, '2019-12-13 16:29:11', 3);
INSERT INTO `c_auth_role_authority`(`id`, `authority_id`, `authority_type`, `role_id`, `create_time`, `create_user`) VALUES (655083808625789921, 605078538881597857, 'MENU', 643779012732130273, '2019-12-13 16:29:11', 3);
INSERT INTO `c_auth_role_authority`(`id`, `authority_id`, `authority_type`, `role_id`, `create_time`, `create_user`) VALUES (660170805178533217, 643445197954353025, 'RESOURCE', 660170723091808833, '2019-12-27 17:23:06', 3);
INSERT INTO `c_auth_role_authority`(`id`, `authority_id`, `authority_type`, `role_id`, `create_time`, `create_user`) VALUES (660170805191116161, 643445162915137313, 'RESOURCE', 660170723091808833, '2019-12-27 17:23:06', 3);
INSERT INTO `c_auth_role_authority`(`id`, `authority_id`, `authority_type`, `role_id`, `create_time`, `create_user`) VALUES (660170805191116193, 603982713849908801, 'MENU', 660170723091808833, '2019-12-27 17:23:06', 3);
INSERT INTO `c_auth_role_authority`(`id`, `authority_id`, `authority_type`, `role_id`, `create_time`, `create_user`) VALUES (660170805191116225, 101, 'MENU', 660170723091808833, '2019-12-27 17:23:06', 3);
INSERT INTO `c_auth_role_authority`(`id`, `authority_id`, `authority_type`, `role_id`, `create_time`, `create_user`) VALUES (660170805191116257, 603982542332235201, 'MENU', 660170723091808833, '2019-12-27 17:23:06', 3);
INSERT INTO `c_auth_role_authority`(`id`, `authority_id`, `authority_type`, `role_id`, `create_time`, `create_user`) VALUES (672439294803058977, 643444685339100197, 'RESOURCE', 645198153556958497, '2020-01-30 13:53:41', 3);
INSERT INTO `c_auth_role_authority`(`id`, `authority_id`, `authority_type`, `role_id`, `create_time`, `create_user`) VALUES (672439294811447617, 643445802106097185, 'RESOURCE', 645198153556958497, '2020-01-30 13:53:41', 3);
INSERT INTO `c_auth_role_authority`(`id`, `authority_id`, `authority_type`, `role_id`, `create_time`, `create_user`) VALUES (672439294811447649, 643444685339100196, 'RESOURCE', 645198153556958497, '2020-01-30 13:53:41', 3);
INSERT INTO `c_auth_role_authority`(`id`, `authority_id`, `authority_type`, `role_id`, `create_time`, `create_user`) VALUES (672439294811447681, 643445674330819745, 'RESOURCE', 645198153556958497, '2020-01-30 13:53:41', 3);
INSERT INTO `c_auth_role_authority`(`id`, `authority_id`, `authority_type`, `role_id`, `create_time`, `create_user`) VALUES (672439294811447713, 643444685339100193, 'RESOURCE', 645198153556958497, '2020-01-30 13:53:41', 3);
INSERT INTO `c_auth_role_authority`(`id`, `authority_id`, `authority_type`, `role_id`, `create_time`, `create_user`) VALUES (672439294811447745, 643444685339100195, 'RESOURCE', 645198153556958497, '2020-01-30 13:53:41', 3);
INSERT INTO `c_auth_role_authority`(`id`, `authority_id`, `authority_type`, `role_id`, `create_time`, `create_user`) VALUES (672439294815642081, 643445774687931841, 'RESOURCE', 645198153556958497, '2020-01-30 13:53:41', 3);
INSERT INTO `c_auth_role_authority`(`id`, `authority_id`, `authority_type`, `role_id`, `create_time`, `create_user`) VALUES (672439294815642113, 643449629173618657, 'RESOURCE', 645198153556958497, '2020-01-30 13:53:41', 3);
INSERT INTO `c_auth_role_authority`(`id`, `authority_id`, `authority_type`, `role_id`, `create_time`, `create_user`) VALUES (672439294815642145, 643445477274028609, 'RESOURCE', 645198153556958497, '2020-01-30 13:53:41', 3);
INSERT INTO `c_auth_role_authority`(`id`, `authority_id`, `authority_type`, `role_id`, `create_time`, `create_user`) VALUES (672439294815642177, 643445197954353025, 'RESOURCE', 645198153556958497, '2020-01-30 13:53:41', 3);
INSERT INTO `c_auth_role_authority`(`id`, `authority_id`, `authority_type`, `role_id`, `create_time`, `create_user`) VALUES (672439294815642209, 643445747320098145, 'RESOURCE', 645198153556958497, '2020-01-30 13:53:41', 3);
INSERT INTO `c_auth_role_authority`(`id`, `authority_id`, `authority_type`, `role_id`, `create_time`, `create_user`) VALUES (672439294815642241, 643449573045442433, 'RESOURCE', 645198153556958497, '2020-01-30 13:53:41', 3);
INSERT INTO `c_auth_role_authority`(`id`, `authority_id`, `authority_type`, `role_id`, `create_time`, `create_user`) VALUES (672439294819836577, 643445704177487105, 'RESOURCE', 645198153556958497, '2020-01-30 13:53:41', 3);
INSERT INTO `c_auth_role_authority`(`id`, `authority_id`, `authority_type`, `role_id`, `create_time`, `create_user`) VALUES (672439294819836609, 643445162915137313, 'RESOURCE', 645198153556958497, '2020-01-30 13:53:41', 3);
INSERT INTO `c_auth_role_authority`(`id`, `authority_id`, `authority_type`, `role_id`, `create_time`, `create_user`) VALUES (672439294819836641, 605080648767505601, 'MENU', 645198153556958497, '2020-01-30 13:53:41', 3);
INSERT INTO `c_auth_role_authority`(`id`, `authority_id`, `authority_type`, `role_id`, `create_time`, `create_user`) VALUES (672439294819836673, 605080107379327969, 'MENU', 645198153556958497, '2020-01-30 13:53:41', 3);
INSERT INTO `c_auth_role_authority`(`id`, `authority_id`, `authority_type`, `role_id`, `create_time`, `create_user`) VALUES (672439294819836705, 101, 'MENU', 645198153556958497, '2020-01-30 13:53:41', 3);
INSERT INTO `c_auth_role_authority`(`id`, `authority_id`, `authority_type`, `role_id`, `create_time`, `create_user`) VALUES (672439294824031041, 605080359394083937, 'MENU', 645198153556958497, '2020-01-30 13:53:41', 3);
INSERT INTO `c_auth_role_authority`(`id`, `authority_id`, `authority_type`, `role_id`, `create_time`, `create_user`) VALUES (672439294824031073, 102, 'MENU', 645198153556958497, '2020-01-30 13:53:41', 3);
INSERT INTO `c_auth_role_authority`(`id`, `authority_id`, `authority_type`, `role_id`, `create_time`, `create_user`) VALUES (672439294824031105, 103, 'MENU', 645198153556958497, '2020-01-30 13:53:41', 3);
INSERT INTO `c_auth_role_authority`(`id`, `authority_id`, `authority_type`, `role_id`, `create_time`, `create_user`) VALUES (672439294824031137, 603983082961243905, 'MENU', 645198153556958497, '2020-01-30 13:53:41', 3);
INSERT INTO `c_auth_role_authority`(`id`, `authority_id`, `authority_type`, `role_id`, `create_time`, `create_user`) VALUES (672439294824031169, 105, 'MENU', 645198153556958497, '2020-01-30 13:53:41', 3);
INSERT INTO `c_auth_role_authority`(`id`, `authority_id`, `authority_type`, `role_id`, `create_time`, `create_user`) VALUES (672439294828225505, 106, 'MENU', 645198153556958497, '2020-01-30 13:53:41', 3);
INSERT INTO `c_auth_role_authority`(`id`, `authority_id`, `authority_type`, `role_id`, `create_time`, `create_user`) VALUES (672439294828225537, 107, 'MENU', 645198153556958497, '2020-01-30 13:53:41', 3);
INSERT INTO `c_auth_role_authority`(`id`, `authority_id`, `authority_type`, `role_id`, `create_time`, `create_user`) VALUES (672439294828225569, 603982542332235201, 'MENU', 645198153556958497, '2020-01-30 13:53:41', 3);
INSERT INTO `c_auth_role_authority`(`id`, `authority_id`, `authority_type`, `role_id`, `create_time`, `create_user`) VALUES (672439294828225601, 605078463069552993, 'MENU', 645198153556958497, '2020-01-30 13:53:41', 3);
INSERT INTO `c_auth_role_authority`(`id`, `authority_id`, `authority_type`, `role_id`, `create_time`, `create_user`) VALUES (672439294828225633, 603981723864141121, 'MENU', 645198153556958497, '2020-01-30 13:53:41', 3);
INSERT INTO `c_auth_role_authority`(`id`, `authority_id`, `authority_type`, `role_id`, `create_time`, `create_user`) VALUES (672439294832419969, 603982713849908801, 'MENU', 645198153556958497, '2020-01-30 13:53:41', 3);
INSERT INTO `c_auth_role_authority`(`id`, `authority_id`, `authority_type`, `role_id`, `create_time`, `create_user`) VALUES (672439294832420001, 605078371293987105, 'MENU', 645198153556958497, '2020-01-30 13:53:41', 3);
INSERT INTO `c_auth_role_authority`(`id`, `authority_id`, `authority_type`, `role_id`, `create_time`, `create_user`) VALUES (672439294832420033, 605079751035454305, 'MENU', 645198153556958497, '2020-01-30 13:53:41', 3);
INSERT INTO `c_auth_role_authority`(`id`, `authority_id`, `authority_type`, `role_id`, `create_time`, `create_user`) VALUES (672439294832420065, 605080023753294753, 'MENU', 645198153556958497, '2020-01-30 13:53:41', 3);
INSERT INTO `c_auth_role_authority`(`id`, `authority_id`, `authority_type`, `role_id`, `create_time`, `create_user`) VALUES (672439294832420097, 603976297063910529, 'MENU', 645198153556958497, '2020-01-30 13:53:41', 3);
INSERT INTO `c_auth_role_authority`(`id`, `authority_id`, `authority_type`, `role_id`, `create_time`, `create_user`) VALUES (1225984437691351040, 643444685339100197, 'RESOURCE', 100, '2020-02-08 11:27:22', 3);
INSERT INTO `c_auth_role_authority`(`id`, `authority_id`, `authority_type`, `role_id`, `create_time`, `create_user`) VALUES (1225984437703933952, 643445116756821697, 'RESOURCE', 100, '2020-02-08 11:27:22', 3);
INSERT INTO `c_auth_role_authority`(`id`, `authority_id`, `authority_type`, `role_id`, `create_time`, `create_user`) VALUES (1225984437708128256, 643444685339100196, 'RESOURCE', 100, '2020-02-08 11:27:22', 3);
INSERT INTO `c_auth_role_authority`(`id`, `authority_id`, `authority_type`, `role_id`, `create_time`, `create_user`) VALUES (1225984437708128257, 643450072595437889, 'RESOURCE', 100, '2020-02-08 11:27:22', 3);
INSERT INTO `c_auth_role_authority`(`id`, `authority_id`, `authority_type`, `role_id`, `create_time`, `create_user`) VALUES (1225984437712322560, 643444685339100193, 'RESOURCE', 100, '2020-02-08 11:27:22', 3);
INSERT INTO `c_auth_role_authority`(`id`, `authority_id`, `authority_type`, `role_id`, `create_time`, `create_user`) VALUES (1225984437712322561, 643444685339100195, 'RESOURCE', 100, '2020-02-08 11:27:22', 3);
INSERT INTO `c_auth_role_authority`(`id`, `authority_id`, `authority_type`, `role_id`, `create_time`, `create_user`) VALUES (1225984437716516864, 659702853945787041, 'RESOURCE', 100, '2020-02-08 11:27:22', 3);
INSERT INTO `c_auth_role_authority`(`id`, `authority_id`, `authority_type`, `role_id`, `create_time`, `create_user`) VALUES (1225984437716516865, 643444685339100194, 'RESOURCE', 100, '2020-02-08 11:27:22', 3);
INSERT INTO `c_auth_role_authority`(`id`, `authority_id`, `authority_type`, `role_id`, `create_time`, `create_user`) VALUES (1225984437720711168, 1225042949172101120, 'RESOURCE', 100, '2020-02-08 11:27:22', 3);
INSERT INTO `c_auth_role_authority`(`id`, `authority_id`, `authority_type`, `role_id`, `create_time`, `create_user`) VALUES (1225984437724905472, 643445197954353025, 'RESOURCE', 100, '2020-02-08 11:27:22', 3);
INSERT INTO `c_auth_role_authority`(`id`, `authority_id`, `authority_type`, `role_id`, `create_time`, `create_user`) VALUES (1225984437724905473, 1225043012455759872, 'RESOURCE', 100, '2020-02-08 11:27:22', 3);
INSERT INTO `c_auth_role_authority`(`id`, `authority_id`, `authority_type`, `role_id`, `create_time`, `create_user`) VALUES (1225984437724905474, 643445262110427201, 'RESOURCE', 100, '2020-02-08 11:27:22', 3);
INSERT INTO `c_auth_role_authority`(`id`, `authority_id`, `authority_type`, `role_id`, `create_time`, `create_user`) VALUES (1225984437729099776, 643450853134441825, 'RESOURCE', 100, '2020-02-08 11:27:22', 3);
INSERT INTO `c_auth_role_authority`(`id`, `authority_id`, `authority_type`, `role_id`, `create_time`, `create_user`) VALUES (1225984437729099777, 643445774687931841, 'RESOURCE', 100, '2020-02-08 11:27:22', 3);
INSERT INTO `c_auth_role_authority`(`id`, `authority_id`, `authority_type`, `role_id`, `create_time`, `create_user`) VALUES (1225984437729099778, 1225984228617879552, 'RESOURCE', 100, '2020-02-08 11:27:22', 3);
INSERT INTO `c_auth_role_authority`(`id`, `authority_id`, `authority_type`, `role_id`, `create_time`, `create_user`) VALUES (1225984437733294080, 659702756889592289, 'RESOURCE', 100, '2020-02-08 11:27:22', 3);
INSERT INTO `c_auth_role_authority`(`id`, `authority_id`, `authority_type`, `role_id`, `create_time`, `create_user`) VALUES (1225984437733294081, 643450551291353921, 'RESOURCE', 100, '2020-02-08 11:27:22', 3);
INSERT INTO `c_auth_role_authority`(`id`, `authority_id`, `authority_type`, `role_id`, `create_time`, `create_user`) VALUES (1225984437733294082, 643452458693043457, 'RESOURCE', 100, '2020-02-08 11:27:22', 3);
INSERT INTO `c_auth_role_authority`(`id`, `authority_id`, `authority_type`, `role_id`, `create_time`, `create_user`) VALUES (1225984437737488384, 643454110992968129, 'RESOURCE', 100, '2020-02-08 11:27:22', 3);
INSERT INTO `c_auth_role_authority`(`id`, `authority_id`, `authority_type`, `role_id`, `create_time`, `create_user`) VALUES (1225984437737488385, 643445016773002817, 'RESOURCE', 100, '2020-02-08 11:27:22', 3);
INSERT INTO `c_auth_role_authority`(`id`, `authority_id`, `authority_type`, `role_id`, `create_time`, `create_user`) VALUES (1225984437737488386, 659430164874134689, 'RESOURCE', 100, '2020-02-08 11:27:22', 3);
INSERT INTO `c_auth_role_authority`(`id`, `authority_id`, `authority_type`, `role_id`, `create_time`, `create_user`) VALUES (1225984437741682688, 643445162915137313, 'RESOURCE', 100, '2020-02-08 11:27:22', 3);
INSERT INTO `c_auth_role_authority`(`id`, `authority_id`, `authority_type`, `role_id`, `create_time`, `create_user`) VALUES (1225984437741682689, 1225042887989788672, 'RESOURCE', 100, '2020-02-08 11:27:22', 3);
INSERT INTO `c_auth_role_authority`(`id`, `authority_id`, `authority_type`, `role_id`, `create_time`, `create_user`) VALUES (1225984437741682690, 643445229575210977, 'RESOURCE', 100, '2020-02-08 11:27:22', 3);
INSERT INTO `c_auth_role_authority`(`id`, `authority_id`, `authority_type`, `role_id`, `create_time`, `create_user`) VALUES (1225984437741682691, 1225984389242945536, 'RESOURCE', 100, '2020-02-08 11:27:22', 3);
INSERT INTO `c_auth_role_authority`(`id`, `authority_id`, `authority_type`, `role_id`, `create_time`, `create_user`) VALUES (1225984437745876992, 643448369779315777, 'RESOURCE', 100, '2020-02-08 11:27:22', 3);
INSERT INTO `c_auth_role_authority`(`id`, `authority_id`, `authority_type`, `role_id`, `create_time`, `create_user`) VALUES (1225984437745876993, 643454825052252961, 'RESOURCE', 100, '2020-02-08 11:27:22', 3);
INSERT INTO `c_auth_role_authority`(`id`, `authority_id`, `authority_type`, `role_id`, `create_time`, `create_user`) VALUES (1225984437745876994, 643456884694593409, 'RESOURCE', 100, '2020-02-08 11:27:22', 3);
INSERT INTO `c_auth_role_authority`(`id`, `authority_id`, `authority_type`, `role_id`, `create_time`, `create_user`) VALUES (1225984437750071296, 643445704177487105, 'RESOURCE', 100, '2020-02-08 11:27:22', 3);
INSERT INTO `c_auth_role_authority`(`id`, `authority_id`, `authority_type`, `role_id`, `create_time`, `create_user`) VALUES (1225984437750071297, 643451893279892129, 'RESOURCE', 100, '2020-02-08 11:27:22', 3);
INSERT INTO `c_auth_role_authority`(`id`, `authority_id`, `authority_type`, `role_id`, `create_time`, `create_user`) VALUES (1225984437750071298, 658002570005972001, 'RESOURCE', 100, '2020-02-08 11:27:22', 3);
INSERT INTO `c_auth_role_authority`(`id`, `authority_id`, `authority_type`, `role_id`, `create_time`, `create_user`) VALUES (1225984437750071299, 659045058871296641, 'RESOURCE', 100, '2020-02-08 11:27:22', 3);
INSERT INTO `c_auth_role_authority`(`id`, `authority_id`, `authority_type`, `role_id`, `create_time`, `create_user`) VALUES (1225984437754265600, 643445283996305569, 'RESOURCE', 100, '2020-02-08 11:27:22', 3);
INSERT INTO `c_auth_role_authority`(`id`, `authority_id`, `authority_type`, `role_id`, `create_time`, `create_user`) VALUES (1225984437754265601, 643451994945626977, 'RESOURCE', 100, '2020-02-08 11:27:22', 3);
INSERT INTO `c_auth_role_authority`(`id`, `authority_id`, `authority_type`, `role_id`, `create_time`, `create_user`) VALUES (1225984437754265602, 643445542076025601, 'RESOURCE', 100, '2020-02-08 11:27:22', 3);
INSERT INTO `c_auth_role_authority`(`id`, `authority_id`, `authority_type`, `role_id`, `create_time`, `create_user`) VALUES (1225984437758459904, 645288214990422241, 'RESOURCE', 100, '2020-02-08 11:27:22', 3);
INSERT INTO `c_auth_role_authority`(`id`, `authority_id`, `authority_type`, `role_id`, `create_time`, `create_user`) VALUES (1225984437758459905, 643450326619265761, 'RESOURCE', 100, '2020-02-08 11:27:22', 3);
INSERT INTO `c_auth_role_authority`(`id`, `authority_id`, `authority_type`, `role_id`, `create_time`, `create_user`) VALUES (1225984437758459906, 643450602218593185, 'RESOURCE', 100, '2020-02-08 11:27:22', 3);
INSERT INTO `c_auth_role_authority`(`id`, `authority_id`, `authority_type`, `role_id`, `create_time`, `create_user`) VALUES (1225984437762654208, 643456724186967649, 'RESOURCE', 100, '2020-02-08 11:27:22', 3);
INSERT INTO `c_auth_role_authority`(`id`, `authority_id`, `authority_type`, `role_id`, `create_time`, `create_user`) VALUES (1225984437762654209, 643445448081672673, 'RESOURCE', 100, '2020-02-08 11:27:22', 3);
INSERT INTO `c_auth_role_authority`(`id`, `authority_id`, `authority_type`, `role_id`, `create_time`, `create_user`) VALUES (1225984437762654210, 643448611161511169, 'RESOURCE', 100, '2020-02-08 11:27:22', 3);
INSERT INTO `c_auth_role_authority`(`id`, `authority_id`, `authority_type`, `role_id`, `create_time`, `create_user`) VALUES (1225984437766848512, 643445802106097185, 'RESOURCE', 100, '2020-02-08 11:27:22', 3);
INSERT INTO `c_auth_role_authority`(`id`, `authority_id`, `authority_type`, `role_id`, `create_time`, `create_user`) VALUES (1225984437766848513, 643448826945869409, 'RESOURCE', 100, '2020-02-08 11:27:22', 3);
INSERT INTO `c_auth_role_authority`(`id`, `authority_id`, `authority_type`, `role_id`, `create_time`, `create_user`) VALUES (1225984437766848514, 643452536954561985, 'RESOURCE', 100, '2020-02-08 11:27:22', 3);
INSERT INTO `c_auth_role_authority`(`id`, `authority_id`, `authority_type`, `role_id`, `create_time`, `create_user`) VALUES (1225984437766848515, 1225984359173980160, 'RESOURCE', 100, '2020-02-08 11:27:22', 3);
INSERT INTO `c_auth_role_authority`(`id`, `authority_id`, `authority_type`, `role_id`, `create_time`, `create_user`) VALUES (1225984437771042816, 643445514607528609, 'RESOURCE', 100, '2020-02-08 11:27:22', 3);
INSERT INTO `c_auth_role_authority`(`id`, `authority_id`, `authority_type`, `role_id`, `create_time`, `create_user`) VALUES (1225984437771042817, 643448507767723169, 'RESOURCE', 100, '2020-02-08 11:27:22', 3);
INSERT INTO `c_auth_role_authority`(`id`, `authority_id`, `authority_type`, `role_id`, `create_time`, `create_user`) VALUES (1225984437771042818, 643450295858240129, 'RESOURCE', 100, '2020-02-08 11:27:22', 3);
INSERT INTO `c_auth_role_authority`(`id`, `authority_id`, `authority_type`, `role_id`, `create_time`, `create_user`) VALUES (1225984437775237120, 643449998909905121, 'RESOURCE', 100, '2020-02-08 11:27:22', 3);
INSERT INTO `c_auth_role_authority`(`id`, `authority_id`, `authority_type`, `role_id`, `create_time`, `create_user`) VALUES (1225984437775237121, 645288283693121889, 'RESOURCE', 100, '2020-02-08 11:27:22', 3);
INSERT INTO `c_auth_role_authority`(`id`, `authority_id`, `authority_type`, `role_id`, `create_time`, `create_user`) VALUES (1225984437775237122, 643444897201784193, 'RESOURCE', 100, '2020-02-08 11:27:22', 3);
INSERT INTO `c_auth_role_authority`(`id`, `authority_id`, `authority_type`, `role_id`, `create_time`, `create_user`) VALUES (1225984437775237123, 643448730950833601, 'RESOURCE', 100, '2020-02-08 11:27:22', 3);
INSERT INTO `c_auth_role_authority`(`id`, `authority_id`, `authority_type`, `role_id`, `create_time`, `create_user`) VALUES (1225984437779431424, 643456690892582401, 'RESOURCE', 100, '2020-02-08 11:27:22', 3);
INSERT INTO `c_auth_role_authority`(`id`, `authority_id`, `authority_type`, `role_id`, `create_time`, `create_user`) VALUES (1225984437779431425, 643445412774021505, 'RESOURCE', 100, '2020-02-08 11:27:22', 3);
INSERT INTO `c_auth_role_authority`(`id`, `authority_id`, `authority_type`, `role_id`, `create_time`, `create_user`) VALUES (1225984437779431426, 643448656451605857, 'RESOURCE', 100, '2020-02-08 11:27:22', 3);
INSERT INTO `c_auth_role_authority`(`id`, `authority_id`, `authority_type`, `role_id`, `create_time`, `create_user`) VALUES (1225984437783625728, 643450171333548481, 'RESOURCE', 100, '2020-02-08 11:27:22', 3);
INSERT INTO `c_auth_role_authority`(`id`, `authority_id`, `authority_type`, `role_id`, `create_time`, `create_user`) VALUES (1225984437783625729, 643456761927315137, 'RESOURCE', 100, '2020-02-08 11:27:22', 3);
INSERT INTO `c_auth_role_authority`(`id`, `authority_id`, `authority_type`, `role_id`, `create_time`, `create_user`) VALUES (1225984437783625730, 1225984257483079680, 'RESOURCE', 100, '2020-02-08 11:27:22', 3);
INSERT INTO `c_auth_role_authority`(`id`, `authority_id`, `authority_type`, `role_id`, `create_time`, `create_user`) VALUES (1225984437787820032, 643445477274028609, 'RESOURCE', 100, '2020-02-08 11:27:22', 3);
INSERT INTO `c_auth_role_authority`(`id`, `authority_id`, `authority_type`, `role_id`, `create_time`, `create_user`) VALUES (1225984437787820033, 648846610591122721, 'RESOURCE', 100, '2020-02-08 11:27:22', 3);
INSERT INTO `c_auth_role_authority`(`id`, `authority_id`, `authority_type`, `role_id`, `create_time`, `create_user`) VALUES (1225984437792014336, 643445352703199521, 'RESOURCE', 100, '2020-02-08 11:27:22', 3);
INSERT INTO `c_auth_role_authority`(`id`, `authority_id`, `authority_type`, `role_id`, `create_time`, `create_user`) VALUES (1225984437792014337, 643445747320098145, 'RESOURCE', 100, '2020-02-08 11:27:22', 3);
INSERT INTO `c_auth_role_authority`(`id`, `authority_id`, `authority_type`, `role_id`, `create_time`, `create_user`) VALUES (1225984437796208640, 643452571645650465, 'RESOURCE', 100, '2020-02-08 11:27:22', 3);
INSERT INTO `c_auth_role_authority`(`id`, `authority_id`, `authority_type`, `role_id`, `create_time`, `create_user`) VALUES (1225984437796208641, 643444858974897441, 'RESOURCE', 100, '2020-02-08 11:27:22', 3);
INSERT INTO `c_auth_role_authority`(`id`, `authority_id`, `authority_type`, `role_id`, `create_time`, `create_user`) VALUES (1225984437796208642, 643449944866297985, 'RESOURCE', 100, '2020-02-08 11:27:22', 3);
INSERT INTO `c_auth_role_authority`(`id`, `authority_id`, `authority_type`, `role_id`, `create_time`, `create_user`) VALUES (1225984437796208643, 1225984321857257472, 'RESOURCE', 100, '2020-02-08 11:27:22', 3);
INSERT INTO `c_auth_role_authority`(`id`, `authority_id`, `authority_type`, `role_id`, `create_time`, `create_user`) VALUES (1225984437800402944, 643450770317909249, 'RESOURCE', 100, '2020-02-08 11:27:22', 3);
INSERT INTO `c_auth_role_authority`(`id`, `authority_id`, `authority_type`, `role_id`, `create_time`, `create_user`) VALUES (1225984437800402945, 643455720519380097, 'RESOURCE', 100, '2020-02-08 11:27:22', 3);
INSERT INTO `c_auth_role_authority`(`id`, `authority_id`, `authority_type`, `role_id`, `create_time`, `create_user`) VALUES (1225984437800402946, 643450210449627681, 'RESOURCE', 100, '2020-02-08 11:27:22', 3);
INSERT INTO `c_auth_role_authority`(`id`, `authority_id`, `authority_type`, `role_id`, `create_time`, `create_user`) VALUES (1225984437804597248, 659045100646564577, 'RESOURCE', 100, '2020-02-08 11:27:22', 3);
INSERT INTO `c_auth_role_authority`(`id`, `authority_id`, `authority_type`, `role_id`, `create_time`, `create_user`) VALUES (1225984437804597249, 643444992357959137, 'RESOURCE', 100, '2020-02-08 11:27:22', 3);
INSERT INTO `c_auth_role_authority`(`id`, `authority_id`, `authority_type`, `role_id`, `create_time`, `create_user`) VALUES (1225984437804597250, 643456789920100129, 'RESOURCE', 100, '2020-02-08 11:27:22', 3);
INSERT INTO `c_auth_role_authority`(`id`, `authority_id`, `authority_type`, `role_id`, `create_time`, `create_user`) VALUES (1225984437804597251, 658002632467547265, 'RESOURCE', 100, '2020-02-08 11:27:22', 3);
INSERT INTO `c_auth_role_authority`(`id`, `authority_id`, `authority_type`, `role_id`, `create_time`, `create_user`) VALUES (1225984437808791552, 659702641965662497, 'RESOURCE', 100, '2020-02-08 11:27:22', 3);
INSERT INTO `c_auth_role_authority`(`id`, `authority_id`, `authority_type`, `role_id`, `create_time`, `create_user`) VALUES (1225984437808791553, 643445641149680705, 'RESOURCE', 100, '2020-02-08 11:27:22', 3);
INSERT INTO `c_auth_role_authority`(`id`, `authority_id`, `authority_type`, `role_id`, `create_time`, `create_user`) VALUES (1225984437808791554, 643444819758154945, 'RESOURCE', 100, '2020-02-08 11:27:22', 3);
INSERT INTO `c_auth_role_authority`(`id`, `authority_id`, `authority_type`, `role_id`, `create_time`, `create_user`) VALUES (1225984437808791555, 643449629173618657, 'RESOURCE', 100, '2020-02-08 11:27:22', 3);
INSERT INTO `c_auth_role_authority`(`id`, `authority_id`, `authority_type`, `role_id`, `create_time`, `create_user`) VALUES (1225984437812985856, 643451945020826369, 'RESOURCE', 100, '2020-02-08 11:27:22', 3);
INSERT INTO `c_auth_role_authority`(`id`, `authority_id`, `authority_type`, `role_id`, `create_time`, `create_user`) VALUES (1225984437812985857, 643448338154263521, 'RESOURCE', 100, '2020-02-08 11:27:22', 3);
INSERT INTO `c_auth_role_authority`(`id`, `authority_id`, `authority_type`, `role_id`, `create_time`, `create_user`) VALUES (1225984437812985858, 643449573045442433, 'RESOURCE', 100, '2020-02-08 11:27:22', 3);
INSERT INTO `c_auth_role_authority`(`id`, `authority_id`, `authority_type`, `role_id`, `create_time`, `create_user`) VALUES (1225984437812985859, 1225042691843162112, 'RESOURCE', 100, '2020-02-08 11:27:22', 3);
INSERT INTO `c_auth_role_authority`(`id`, `authority_id`, `authority_type`, `role_id`, `create_time`, `create_user`) VALUES (1225984437817180160, 659702791312245313, 'RESOURCE', 100, '2020-02-08 11:27:22', 3);
INSERT INTO `c_auth_role_authority`(`id`, `authority_id`, `authority_type`, `role_id`, `create_time`, `create_user`) VALUES (1225984437817180161, 659045207890723745, 'RESOURCE', 100, '2020-02-08 11:27:22', 3);
INSERT INTO `c_auth_role_authority`(`id`, `authority_id`, `authority_type`, `role_id`, `create_time`, `create_user`) VALUES (1225984437817180162, 643452429496493217, 'RESOURCE', 100, '2020-02-08 11:27:22', 3);
INSERT INTO `c_auth_role_authority`(`id`, `authority_id`, `authority_type`, `role_id`, `create_time`, `create_user`) VALUES (1225984437821374464, 643454073500084577, 'RESOURCE', 100, '2020-02-08 11:27:22', 3);
INSERT INTO `c_auth_role_authority`(`id`, `authority_id`, `authority_type`, `role_id`, `create_time`, `create_user`) VALUES (1225984437821374465, 643455175503129569, 'RESOURCE', 100, '2020-02-08 11:27:22', 3);
INSERT INTO `c_auth_role_authority`(`id`, `authority_id`, `authority_type`, `role_id`, `create_time`, `create_user`) VALUES (1225984437821374466, 643445674330819745, 'RESOURCE', 100, '2020-02-08 11:27:22', 3);
INSERT INTO `c_auth_role_authority`(`id`, `authority_id`, `authority_type`, `role_id`, `create_time`, `create_user`) VALUES (1225984437821374467, 643452393857492033, 'RESOURCE', 100, '2020-02-08 11:27:22', 3);
INSERT INTO `c_auth_role_authority`(`id`, `authority_id`, `authority_type`, `role_id`, `create_time`, `create_user`) VALUES (1225984437825568768, 643454150905965089, 'RESOURCE', 100, '2020-02-08 11:27:22', 3);
INSERT INTO `c_auth_role_authority`(`id`, `authority_id`, `authority_type`, `role_id`, `create_time`, `create_user`) VALUES (1225984437825568769, 643452086981239745, 'RESOURCE', 100, '2020-02-08 11:27:22', 3);
INSERT INTO `c_auth_role_authority`(`id`, `authority_id`, `authority_type`, `role_id`, `create_time`, `create_user`) VALUES (1225984437825568770, 643452488447436129, 'RESOURCE', 100, '2020-02-08 11:27:22', 3);
INSERT INTO `c_auth_role_authority`(`id`, `authority_id`, `authority_type`, `role_id`, `create_time`, `create_user`) VALUES (1225984437829763072, 645288375300915649, 'RESOURCE', 100, '2020-02-08 11:27:22', 3);
INSERT INTO `c_auth_role_authority`(`id`, `authority_id`, `authority_type`, `role_id`, `create_time`, `create_user`) VALUES (1225984437829763073, 659702674622513537, 'RESOURCE', 100, '2020-02-08 11:27:22', 3);
INSERT INTO `c_auth_role_authority`(`id`, `authority_id`, `authority_type`, `role_id`, `create_time`, `create_user`) VALUES (1225984437829763074, 1225042821497487360, 'RESOURCE', 100, '2020-02-08 11:27:22', 3);
INSERT INTO `c_auth_role_authority`(`id`, `authority_id`, `authority_type`, `role_id`, `create_time`, `create_user`) VALUES (1225984437829763075, 659045145735332673, 'RESOURCE', 100, '2020-02-08 11:27:22', 3);
INSERT INTO `c_auth_role_authority`(`id`, `authority_id`, `authority_type`, `role_id`, `create_time`, `create_user`) VALUES (1225984437833957376, 643449540959016737, 'RESOURCE', 100, '2020-02-08 11:27:22', 3);
INSERT INTO `c_auth_role_authority`(`id`, `authority_id`, `authority_type`, `role_id`, `create_time`, `create_user`) VALUES (1225984437833957377, 645215230518909025, 'MENU', 100, '2020-02-08 11:27:22', 3);
INSERT INTO `c_auth_role_authority`(`id`, `authority_id`, `authority_type`, `role_id`, `create_time`, `create_user`) VALUES (1225984437833957378, 605079411338773153, 'MENU', 100, '2020-02-08 11:27:22', 3);
INSERT INTO `c_auth_role_authority`(`id`, `authority_id`, `authority_type`, `role_id`, `create_time`, `create_user`) VALUES (1225984437833957379, 603982542332235201, 'MENU', 100, '2020-02-08 11:27:22', 3);
INSERT INTO `c_auth_role_authority`(`id`, `authority_id`, `authority_type`, `role_id`, `create_time`, `create_user`) VALUES (1225984437838151680, 605078371293987105, 'MENU', 100, '2020-02-08 11:27:22', 3);
INSERT INTO `c_auth_role_authority`(`id`, `authority_id`, `authority_type`, `role_id`, `create_time`, `create_user`) VALUES (1225984437838151681, 644111530555611361, 'MENU', 100, '2020-02-08 11:27:22', 3);
INSERT INTO `c_auth_role_authority`(`id`, `authority_id`, `authority_type`, `role_id`, `create_time`, `create_user`) VALUES (1225984437838151682, 605079751035454305, 'MENU', 100, '2020-02-08 11:27:22', 3);
INSERT INTO `c_auth_role_authority`(`id`, `authority_id`, `authority_type`, `role_id`, `create_time`, `create_user`) VALUES (1225984437842345984, 605078672772170209, 'MENU', 100, '2020-02-08 11:27:22', 3);
INSERT INTO `c_auth_role_authority`(`id`, `authority_id`, `authority_type`, `role_id`, `create_time`, `create_user`) VALUES (1225984437842345985, 603976297063910529, 'MENU', 100, '2020-02-08 11:27:22', 3);
INSERT INTO `c_auth_role_authority`(`id`, `authority_id`, `authority_type`, `role_id`, `create_time`, `create_user`) VALUES (1225984437842345986, 605079545585861345, 'MENU', 100, '2020-02-08 11:27:22', 3);
INSERT INTO `c_auth_role_authority`(`id`, `authority_id`, `authority_type`, `role_id`, `create_time`, `create_user`) VALUES (1225984437842345987, 605080107379327969, 'MENU', 100, '2020-02-08 11:27:22', 3);
INSERT INTO `c_auth_role_authority`(`id`, `authority_id`, `authority_type`, `role_id`, `create_time`, `create_user`) VALUES (1225984437846540288, 605078979149300257, 'MENU', 100, '2020-02-08 11:27:22', 3);
INSERT INTO `c_auth_role_authority`(`id`, `authority_id`, `authority_type`, `role_id`, `create_time`, `create_user`) VALUES (1225984437846540289, 605080359394083937, 'MENU', 100, '2020-02-08 11:27:22', 3);
INSERT INTO `c_auth_role_authority`(`id`, `authority_id`, `authority_type`, `role_id`, `create_time`, `create_user`) VALUES (1225984437846540290, 605078463069552993, 'MENU', 100, '2020-02-08 11:27:22', 3);
INSERT INTO `c_auth_role_authority`(`id`, `authority_id`, `authority_type`, `role_id`, `create_time`, `create_user`) VALUES (1225984437846540291, 605080816296396097, 'MENU', 100, '2020-02-08 11:27:22', 3);
INSERT INTO `c_auth_role_authority`(`id`, `authority_id`, `authority_type`, `role_id`, `create_time`, `create_user`) VALUES (1225984437850734592, 1225042542827929600, 'MENU', 100, '2020-02-08 11:27:22', 3);
INSERT INTO `c_auth_role_authority`(`id`, `authority_id`, `authority_type`, `role_id`, `create_time`, `create_user`) VALUES (1225984437850734593, 603982713849908801, 'MENU', 100, '2020-02-08 11:27:22', 3);
INSERT INTO `c_auth_role_authority`(`id`, `authority_id`, `authority_type`, `role_id`, `create_time`, `create_user`) VALUES (1225984437850734594, 605079658416833313, 'MENU', 100, '2020-02-08 11:27:22', 3);
INSERT INTO `c_auth_role_authority`(`id`, `authority_id`, `authority_type`, `role_id`, `create_time`, `create_user`) VALUES (1225984437850734595, 605078538881597857, 'MENU', 100, '2020-02-08 11:27:22', 3);
INSERT INTO `c_auth_role_authority`(`id`, `authority_id`, `authority_type`, `role_id`, `create_time`, `create_user`) VALUES (1225984437854928896, 605080648767505601, 'MENU', 100, '2020-02-08 11:27:22', 3);
INSERT INTO `c_auth_role_authority`(`id`, `authority_id`, `authority_type`, `role_id`, `create_time`, `create_user`) VALUES (1225984437854928897, 603983082961243905, 'MENU', 100, '2020-02-08 11:27:22', 3);
INSERT INTO `c_auth_role_authority`(`id`, `authority_id`, `authority_type`, `role_id`, `create_time`, `create_user`) VALUES (1225984437854928898, 603981723864141121, 'MENU', 100, '2020-02-08 11:27:22', 3);
INSERT INTO `c_auth_role_authority`(`id`, `authority_id`, `authority_type`, `role_id`, `create_time`, `create_user`) VALUES (1225984437859123200, 605424535633666945, 'MENU', 100, '2020-02-08 11:27:22', 3);
INSERT INTO `c_auth_role_authority`(`id`, `authority_id`, `authority_type`, `role_id`, `create_time`, `create_user`) VALUES (1225984437859123201, 605080023753294753, 'MENU', 100, '2020-02-08 11:27:22', 3);
INSERT INTO `c_auth_role_authority`(`id`, `authority_id`, `authority_type`, `role_id`, `create_time`, `create_user`) VALUES (1225984437859123202, 605079239015793249, 'MENU', 100, '2020-02-08 11:27:22', 3);
INSERT INTO `c_auth_role_authority`(`id`, `authority_id`, `authority_type`, `role_id`, `create_time`, `create_user`) VALUES (1225984437863317504, 1225984177602560000, 'MENU', 100, '2020-02-08 11:27:22', 3);
INSERT INTO `c_auth_role_authority`(`id`, `authority_id`, `authority_type`, `role_id`, `create_time`, `create_user`) VALUES (1225984437863317505, 101, 'MENU', 100, '2020-02-08 11:27:22', 3);
INSERT INTO `c_auth_role_authority`(`id`, `authority_id`, `authority_type`, `role_id`, `create_time`, `create_user`) VALUES (1225984437867511808, 102, 'MENU', 100, '2020-02-08 11:27:22', 3);
INSERT INTO `c_auth_role_authority`(`id`, `authority_id`, `authority_type`, `role_id`, `create_time`, `create_user`) VALUES (1225984437867511809, 103, 'MENU', 100, '2020-02-08 11:27:22', 3);
INSERT INTO `c_auth_role_authority`(`id`, `authority_id`, `authority_type`, `role_id`, `create_time`, `create_user`) VALUES (1225984437867511810, 104, 'MENU', 100, '2020-02-08 11:27:22', 3);
INSERT INTO `c_auth_role_authority`(`id`, `authority_id`, `authority_type`, `role_id`, `create_time`, `create_user`) VALUES (1225984437871706112, 105, 'MENU', 100, '2020-02-08 11:27:22', 3);
INSERT INTO `c_auth_role_authority`(`id`, `authority_id`, `authority_type`, `role_id`, `create_time`, `create_user`) VALUES (1225984437871706113, 106, 'MENU', 100, '2020-02-08 11:27:22', 3);
INSERT INTO `c_auth_role_authority`(`id`, `authority_id`, `authority_type`, `role_id`, `create_time`, `create_user`) VALUES (1225984437871706114, 107, 'MENU', 100, '2020-02-08 11:27:22', 3);
INSERT INTO `c_auth_role_authority`(`id`, `authority_id`, `authority_type`, `role_id`, `create_time`, `create_user`) VALUES (1225984437871706115, 643464272629728001, 'MENU', 100, '2020-02-08 11:27:22', 3);

INSERT INTO `c_common_dictionary`(`id`, `code`, `name`, `describe_`, `status_`, `create_user`, `create_time`, `update_user`, `update_time`) VALUES (1, 'NATION', '民族', '民族', b'1', 1, '2019-06-01 09:42:50', 1, '2019-06-01 09:42:54');
INSERT INTO `c_common_dictionary`(`id`, `code`, `name`, `describe_`, `status_`, `create_user`, `create_time`, `update_user`, `update_time`) VALUES (2, 'POSITION_STATUS', '在职状态', NULL, b'1', 1, '2019-06-04 11:37:15', 1, '2019-06-04 11:37:15');
INSERT INTO `c_common_dictionary`(`id`, `code`, `name`, `describe_`, `status_`, `create_user`, `create_time`, `update_user`, `update_time`) VALUES (3, 'EDUCATION', '学历', NULL, b'1', 1, '2019-06-04 11:33:52', 1, '2019-06-04 11:33:52');
INSERT INTO `c_common_dictionary`(`id`, `code`, `name`, `describe_`, `status_`, `create_user`, `create_time`, `update_user`, `update_time`) VALUES (4, 'AREA_LEVEL', '行政区级', '行政区级', b'1', 3, '2020-01-20 15:12:05', 3, '2020-01-20 15:12:05');

INSERT INTO `c_common_dictionary_item`(`id`, `dictionary_id`, `dictionary_code`, `code`, `name`, `status_`, `describe_`, `sort_value`, `create_user`, `create_time`, `update_user`, `update_time`) VALUES (1, 4, 'AREA_LEVEL', 'COUNTRY', '国家', b'1', '', 1, 3, '2020-01-20 15:12:57', 3, '2020-01-20 15:12:57');
INSERT INTO `c_common_dictionary_item`(`id`, `dictionary_id`, `dictionary_code`, `code`, `name`, `status_`, `describe_`, `sort_value`, `create_user`, `create_time`, `update_user`, `update_time`) VALUES (2, 4, 'AREA_LEVEL', 'PROVINCE', '省份/直辖市', b'1', '', 2, 3, '2020-01-20 15:13:45', 3, '2020-01-20 15:13:45');
INSERT INTO `c_common_dictionary_item`(`id`, `dictionary_id`, `dictionary_code`, `code`, `name`, `status_`, `describe_`, `sort_value`, `create_user`, `create_time`, `update_user`, `update_time`) VALUES (3, 4, 'AREA_LEVEL', 'CITY', '地市', b'1', '', 3, 3, '2020-01-20 15:14:16', 3, '2020-01-20 15:14:16');
INSERT INTO `c_common_dictionary_item`(`id`, `dictionary_id`, `dictionary_code`, `code`, `name`, `status_`, `describe_`, `sort_value`, `create_user`, `create_time`, `update_user`, `update_time`) VALUES (4, 4, 'AREA_LEVEL', 'COUNTY', '区县', b'1', '', 4, 3, '2020-01-20 15:14:54', 3, '2020-01-20 15:14:54');
INSERT INTO `c_common_dictionary_item`(`id`, `dictionary_id`, `dictionary_code`, `code`, `name`, `status_`, `describe_`, `sort_value`, `create_user`, `create_time`, `update_user`, `update_time`) VALUES (38, 3, 'EDUCATION', 'ZHUANKE', '专科', b'1', NULL, 1, 1, '2019-06-04 11:36:29', 1, '2019-06-04 11:36:29');
INSERT INTO `c_common_dictionary_item`(`id`, `dictionary_id`, `dictionary_code`, `code`, `name`, `status_`, `describe_`, `sort_value`, `create_user`, `create_time`, `update_user`, `update_time`) VALUES (39, 3, 'EDUCATION', 'COLLEGE', '本科', b'1', '', 2, 1, '2019-06-04 11:36:19', 1, '2019-06-04 11:36:19');
INSERT INTO `c_common_dictionary_item`(`id`, `dictionary_id`, `dictionary_code`, `code`, `name`, `status_`, `describe_`, `sort_value`, `create_user`, `create_time`, `update_user`, `update_time`) VALUES (40, 3, 'EDUCATION', 'SUOSHI', '硕士', b'1', NULL, 3, 1, '2019-06-04 11:36:29', 1, '2019-06-04 11:36:29');
INSERT INTO `c_common_dictionary_item`(`id`, `dictionary_id`, `dictionary_code`, `code`, `name`, `status_`, `describe_`, `sort_value`, `create_user`, `create_time`, `update_user`, `update_time`) VALUES (41, 3, 'EDUCATION', 'BOSHI', '博士', b'1', '', 4, 1, '2019-06-04 11:36:29', 1, '2019-06-04 11:36:29');
INSERT INTO `c_common_dictionary_item`(`id`, `dictionary_id`, `dictionary_code`, `code`, `name`, `status_`, `describe_`, `sort_value`, `create_user`, `create_time`, `update_user`, `update_time`) VALUES (42, 3, 'EDUCATION', 'BOSHIHOU', '博士后', b'1', NULL, 5, 1, '2019-06-04 11:36:29', 1, '2019-06-04 11:36:29');
INSERT INTO `c_common_dictionary_item`(`id`, `dictionary_id`, `dictionary_code`, `code`, `name`, `status_`, `describe_`, `sort_value`, `create_user`, `create_time`, `update_user`, `update_time`) VALUES (43, 1, 'NATION', 'mz_hanz', '汉族', b'1', '汉族', 0, 1, '2018-03-15 20:11:01', 1, '2018-03-15 20:11:04');
INSERT INTO `c_common_dictionary_item`(`id`, `dictionary_id`, `dictionary_code`, `code`, `name`, `status_`, `describe_`, `sort_value`, `create_user`, `create_time`, `update_user`, `update_time`) VALUES (44, 1, 'NATION', 'mz_zz', '壮族', b'1', '壮族', 1, 1, '2018-03-15 20:11:01', 1, '2018-03-15 20:11:04');
INSERT INTO `c_common_dictionary_item`(`id`, `dictionary_id`, `dictionary_code`, `code`, `name`, `status_`, `describe_`, `sort_value`, `create_user`, `create_time`, `update_user`, `update_time`) VALUES (45, 1, 'NATION', 'mz_mz', '满族', b'1', '满族', 2, 1, '2018-03-15 20:11:01', 1, '2018-03-15 20:11:04');
INSERT INTO `c_common_dictionary_item`(`id`, `dictionary_id`, `dictionary_code`, `code`, `name`, `status_`, `describe_`, `sort_value`, `create_user`, `create_time`, `update_user`, `update_time`) VALUES (46, 1, 'NATION', 'mz_hz', '回族', b'1', '回族', 3, 1, '2018-03-15 20:11:01', 1, '2018-03-15 20:11:04');
INSERT INTO `c_common_dictionary_item`(`id`, `dictionary_id`, `dictionary_code`, `code`, `name`, `status_`, `describe_`, `sort_value`, `create_user`, `create_time`, `update_user`, `update_time`) VALUES (47, 1, 'NATION', 'mz_miaoz', '苗族', b'1', '苗族', 4, 1, '2018-03-15 20:11:01', 1, '2018-03-15 20:11:04');
INSERT INTO `c_common_dictionary_item`(`id`, `dictionary_id`, `dictionary_code`, `code`, `name`, `status_`, `describe_`, `sort_value`, `create_user`, `create_time`, `update_user`, `update_time`) VALUES (48, 1, 'NATION', 'mz_wwez', '维吾尔族', b'1', '', 5, 1, '2018-03-15 20:11:01', 1, '2018-03-15 20:11:04');
INSERT INTO `c_common_dictionary_item`(`id`, `dictionary_id`, `dictionary_code`, `code`, `name`, `status_`, `describe_`, `sort_value`, `create_user`, `create_time`, `update_user`, `update_time`) VALUES (49, 1, 'NATION', 'mz_tjz', '土家族', b'1', '', 6, 1, '2018-03-15 20:11:01', 1, '2018-03-15 20:11:04');
INSERT INTO `c_common_dictionary_item`(`id`, `dictionary_id`, `dictionary_code`, `code`, `name`, `status_`, `describe_`, `sort_value`, `create_user`, `create_time`, `update_user`, `update_time`) VALUES (50, 1, 'NATION', 'mz_yz', '彝族', b'1', '', 7, 1, '2018-03-15 20:11:01', 1, '2018-03-15 20:11:04');
INSERT INTO `c_common_dictionary_item`(`id`, `dictionary_id`, `dictionary_code`, `code`, `name`, `status_`, `describe_`, `sort_value`, `create_user`, `create_time`, `update_user`, `update_time`) VALUES (51, 1, 'NATION', 'mz_mgz', '蒙古族', b'1', '', 8, 1, '2018-03-15 20:11:01', 1, '2018-03-15 20:11:04');
INSERT INTO `c_common_dictionary_item`(`id`, `dictionary_id`, `dictionary_code`, `code`, `name`, `status_`, `describe_`, `sort_value`, `create_user`, `create_time`, `update_user`, `update_time`) VALUES (52, 1, 'NATION', 'mz_zhangz', '藏族', b'1', '', 9, 1, '2018-03-15 20:11:01', 1, '2018-03-15 20:11:04');
INSERT INTO `c_common_dictionary_item`(`id`, `dictionary_id`, `dictionary_code`, `code`, `name`, `status_`, `describe_`, `sort_value`, `create_user`, `create_time`, `update_user`, `update_time`) VALUES (53, 1, 'NATION', 'mz_byz', '布依族', b'1', '', 10, 1, '2018-03-15 20:11:01', 1, '2018-03-15 20:11:04');
INSERT INTO `c_common_dictionary_item`(`id`, `dictionary_id`, `dictionary_code`, `code`, `name`, `status_`, `describe_`, `sort_value`, `create_user`, `create_time`, `update_user`, `update_time`) VALUES (54, 1, 'NATION', 'mz_dz', '侗族', b'1', '', 11, 1, '2018-03-15 20:11:01', 1, '2018-03-15 20:11:04');
INSERT INTO `c_common_dictionary_item`(`id`, `dictionary_id`, `dictionary_code`, `code`, `name`, `status_`, `describe_`, `sort_value`, `create_user`, `create_time`, `update_user`, `update_time`) VALUES (55, 1, 'NATION', 'mz_yaoz', '瑶族', b'1', '', 12, 1, '2018-03-15 20:11:01', 1, '2018-03-15 20:11:04');
INSERT INTO `c_common_dictionary_item`(`id`, `dictionary_id`, `dictionary_code`, `code`, `name`, `status_`, `describe_`, `sort_value`, `create_user`, `create_time`, `update_user`, `update_time`) VALUES (56, 1, 'NATION', 'mz_cxz', '朝鲜族', b'1', '', 13, 1, '2018-03-15 20:11:01', 1, '2018-03-15 20:11:04');
INSERT INTO `c_common_dictionary_item`(`id`, `dictionary_id`, `dictionary_code`, `code`, `name`, `status_`, `describe_`, `sort_value`, `create_user`, `create_time`, `update_user`, `update_time`) VALUES (57, 1, 'NATION', 'mz_bz', '白族', b'1', '', 14, 1, '2018-03-15 20:11:01', 1, '2018-03-15 20:11:04');
INSERT INTO `c_common_dictionary_item`(`id`, `dictionary_id`, `dictionary_code`, `code`, `name`, `status_`, `describe_`, `sort_value`, `create_user`, `create_time`, `update_user`, `update_time`) VALUES (58, 1, 'NATION', 'mz_hnz', '哈尼族', b'1', '', 15, 1, '2018-03-15 20:11:01', 1, '2018-03-15 20:11:04');
INSERT INTO `c_common_dictionary_item`(`id`, `dictionary_id`, `dictionary_code`, `code`, `name`, `status_`, `describe_`, `sort_value`, `create_user`, `create_time`, `update_user`, `update_time`) VALUES (59, 1, 'NATION', 'mz_hskz', '哈萨克族', b'1', '', 16, 1, '2018-03-15 20:11:01', 1, '2018-03-15 20:11:04');
INSERT INTO `c_common_dictionary_item`(`id`, `dictionary_id`, `dictionary_code`, `code`, `name`, `status_`, `describe_`, `sort_value`, `create_user`, `create_time`, `update_user`, `update_time`) VALUES (60, 1, 'NATION', 'mz_lz', '黎族', b'1', '', 17, 1, '2018-03-15 20:11:01', 1, '2018-03-15 20:11:04');
INSERT INTO `c_common_dictionary_item`(`id`, `dictionary_id`, `dictionary_code`, `code`, `name`, `status_`, `describe_`, `sort_value`, `create_user`, `create_time`, `update_user`, `update_time`) VALUES (61, 1, 'NATION', 'mz_daiz', '傣族', b'1', '', 18, 1, '2018-03-15 20:11:01', 1, '2018-03-15 20:11:04');
INSERT INTO `c_common_dictionary_item`(`id`, `dictionary_id`, `dictionary_code`, `code`, `name`, `status_`, `describe_`, `sort_value`, `create_user`, `create_time`, `update_user`, `update_time`) VALUES (62, 1, 'NATION', 'mz_sz', '畲族', b'1', '', 19, 1, '2018-03-15 20:11:01', 1, '2018-03-15 20:11:04');
INSERT INTO `c_common_dictionary_item`(`id`, `dictionary_id`, `dictionary_code`, `code`, `name`, `status_`, `describe_`, `sort_value`, `create_user`, `create_time`, `update_user`, `update_time`) VALUES (63, 1, 'NATION', 'mz_llz', '傈僳族', b'1', '', 20, 1, '2018-03-15 20:11:01', 1, '2018-03-15 20:11:04');
INSERT INTO `c_common_dictionary_item`(`id`, `dictionary_id`, `dictionary_code`, `code`, `name`, `status_`, `describe_`, `sort_value`, `create_user`, `create_time`, `update_user`, `update_time`) VALUES (64, 1, 'NATION', 'mz_glz', '仡佬族', b'1', '', 21, 1, '2018-03-15 20:11:01', 1, '2018-03-15 20:11:04');
INSERT INTO `c_common_dictionary_item`(`id`, `dictionary_id`, `dictionary_code`, `code`, `name`, `status_`, `describe_`, `sort_value`, `create_user`, `create_time`, `update_user`, `update_time`) VALUES (65, 1, 'NATION', 'mz_dxz', '东乡族', b'1', '', 22, 1, '2018-03-15 20:11:01', 1, '2018-03-15 20:11:04');
INSERT INTO `c_common_dictionary_item`(`id`, `dictionary_id`, `dictionary_code`, `code`, `name`, `status_`, `describe_`, `sort_value`, `create_user`, `create_time`, `update_user`, `update_time`) VALUES (66, 1, 'NATION', 'mz_gsz', '高山族', b'1', '', 23, 1, '2018-03-15 20:11:01', 1, '2018-03-15 20:11:04');
INSERT INTO `c_common_dictionary_item`(`id`, `dictionary_id`, `dictionary_code`, `code`, `name`, `status_`, `describe_`, `sort_value`, `create_user`, `create_time`, `update_user`, `update_time`) VALUES (67, 1, 'NATION', 'mz_lhz', '拉祜族', b'1', '', 24, 1, '2018-03-15 20:11:01', 1, '2018-03-15 20:11:04');
INSERT INTO `c_common_dictionary_item`(`id`, `dictionary_id`, `dictionary_code`, `code`, `name`, `status_`, `describe_`, `sort_value`, `create_user`, `create_time`, `update_user`, `update_time`) VALUES (68, 1, 'NATION', 'mz_shuiz', '水族', b'1', '', 25, 1, '2018-03-15 20:11:01', 1, '2018-03-15 20:11:04');
INSERT INTO `c_common_dictionary_item`(`id`, `dictionary_id`, `dictionary_code`, `code`, `name`, `status_`, `describe_`, `sort_value`, `create_user`, `create_time`, `update_user`, `update_time`) VALUES (69, 1, 'NATION', 'mz_wz', '佤族', b'1', '', 26, 1, '2018-03-15 20:11:01', 1, '2018-03-15 20:11:04');
INSERT INTO `c_common_dictionary_item`(`id`, `dictionary_id`, `dictionary_code`, `code`, `name`, `status_`, `describe_`, `sort_value`, `create_user`, `create_time`, `update_user`, `update_time`) VALUES (70, 1, 'NATION', 'mz_nxz', '纳西族', b'1', '', 27, 1, '2018-03-15 20:11:01', 1, '2018-03-15 20:11:04');
INSERT INTO `c_common_dictionary_item`(`id`, `dictionary_id`, `dictionary_code`, `code`, `name`, `status_`, `describe_`, `sort_value`, `create_user`, `create_time`, `update_user`, `update_time`) VALUES (71, 1, 'NATION', 'mz_qz', '羌族', b'1', '', 28, 1, '2018-03-15 20:11:01', 1, '2018-03-15 20:11:04');
INSERT INTO `c_common_dictionary_item`(`id`, `dictionary_id`, `dictionary_code`, `code`, `name`, `status_`, `describe_`, `sort_value`, `create_user`, `create_time`, `update_user`, `update_time`) VALUES (72, 1, 'NATION', 'mz_tz', '土族', b'1', '', 29, 1, '2018-03-15 20:11:01', 1, '2018-03-15 20:11:04');
INSERT INTO `c_common_dictionary_item`(`id`, `dictionary_id`, `dictionary_code`, `code`, `name`, `status_`, `describe_`, `sort_value`, `create_user`, `create_time`, `update_user`, `update_time`) VALUES (73, 1, 'NATION', 'mz_zlz', '仫佬族', b'1', '', 30, 1, '2018-03-15 20:11:01', 1, '2018-03-15 20:11:04');
INSERT INTO `c_common_dictionary_item`(`id`, `dictionary_id`, `dictionary_code`, `code`, `name`, `status_`, `describe_`, `sort_value`, `create_user`, `create_time`, `update_user`, `update_time`) VALUES (74, 1, 'NATION', 'mz_xbz', '锡伯族', b'1', '', 31, 1, '2018-03-15 20:11:01', 1, '2018-03-15 20:11:04');
INSERT INTO `c_common_dictionary_item`(`id`, `dictionary_id`, `dictionary_code`, `code`, `name`, `status_`, `describe_`, `sort_value`, `create_user`, `create_time`, `update_user`, `update_time`) VALUES (75, 1, 'NATION', 'mz_kehzz', '柯尔克孜族', b'1', '', 32, 1, '2018-03-15 20:11:01', 1, '2018-03-15 20:11:04');
INSERT INTO `c_common_dictionary_item`(`id`, `dictionary_id`, `dictionary_code`, `code`, `name`, `status_`, `describe_`, `sort_value`, `create_user`, `create_time`, `update_user`, `update_time`) VALUES (76, 1, 'NATION', 'mz_dwz', '达斡尔族', b'1', '', 33, 1, '2018-03-15 20:11:01', 1, '2018-03-15 20:11:04');
INSERT INTO `c_common_dictionary_item`(`id`, `dictionary_id`, `dictionary_code`, `code`, `name`, `status_`, `describe_`, `sort_value`, `create_user`, `create_time`, `update_user`, `update_time`) VALUES (77, 1, 'NATION', 'mz_jpz', '景颇族', b'1', '', 34, 1, '2018-03-15 20:11:01', 1, '2018-03-15 20:11:04');
INSERT INTO `c_common_dictionary_item`(`id`, `dictionary_id`, `dictionary_code`, `code`, `name`, `status_`, `describe_`, `sort_value`, `create_user`, `create_time`, `update_user`, `update_time`) VALUES (78, 1, 'NATION', 'mz_mlz', '毛南族', b'1', '', 35, 1, '2018-03-15 20:11:01', 1, '2018-03-15 20:11:04');
INSERT INTO `c_common_dictionary_item`(`id`, `dictionary_id`, `dictionary_code`, `code`, `name`, `status_`, `describe_`, `sort_value`, `create_user`, `create_time`, `update_user`, `update_time`) VALUES (79, 1, 'NATION', 'mz_slz', '撒拉族', b'1', '', 36, 1, '2018-03-15 20:11:01', 1, '2018-03-15 20:11:04');
INSERT INTO `c_common_dictionary_item`(`id`, `dictionary_id`, `dictionary_code`, `code`, `name`, `status_`, `describe_`, `sort_value`, `create_user`, `create_time`, `update_user`, `update_time`) VALUES (80, 1, 'NATION', 'mz_tjkz', '塔吉克族', b'1', '', 37, 1, '2018-03-15 20:11:01', 1, '2018-03-15 20:11:04');
INSERT INTO `c_common_dictionary_item`(`id`, `dictionary_id`, `dictionary_code`, `code`, `name`, `status_`, `describe_`, `sort_value`, `create_user`, `create_time`, `update_user`, `update_time`) VALUES (81, 1, 'NATION', 'mz_acz', '阿昌族', b'1', '', 38, 1, '2018-03-15 20:11:01', 1, '2018-03-15 20:11:04');
INSERT INTO `c_common_dictionary_item`(`id`, `dictionary_id`, `dictionary_code`, `code`, `name`, `status_`, `describe_`, `sort_value`, `create_user`, `create_time`, `update_user`, `update_time`) VALUES (82, 1, 'NATION', 'mz_pmz', '普米族', b'1', '', 39, 1, '2018-03-15 20:11:01', 1, '2018-03-15 20:11:04');
INSERT INTO `c_common_dictionary_item`(`id`, `dictionary_id`, `dictionary_code`, `code`, `name`, `status_`, `describe_`, `sort_value`, `create_user`, `create_time`, `update_user`, `update_time`) VALUES (83, 1, 'NATION', 'mz_ewkz', '鄂温克族', b'1', '', 40, 1, '2018-03-15 20:11:01', 1, '2018-03-15 20:11:04');
INSERT INTO `c_common_dictionary_item`(`id`, `dictionary_id`, `dictionary_code`, `code`, `name`, `status_`, `describe_`, `sort_value`, `create_user`, `create_time`, `update_user`, `update_time`) VALUES (84, 1, 'NATION', 'mz_nz', '怒族', b'1', '', 41, 1, '2018-03-15 20:11:01', 1, '2018-03-15 20:11:04');
INSERT INTO `c_common_dictionary_item`(`id`, `dictionary_id`, `dictionary_code`, `code`, `name`, `status_`, `describe_`, `sort_value`, `create_user`, `create_time`, `update_user`, `update_time`) VALUES (85, 1, 'NATION', 'mz_jz', '京族', b'1', '', 42, 1, '2018-03-15 20:11:01', 1, '2018-03-15 20:11:04');
INSERT INTO `c_common_dictionary_item`(`id`, `dictionary_id`, `dictionary_code`, `code`, `name`, `status_`, `describe_`, `sort_value`, `create_user`, `create_time`, `update_user`, `update_time`) VALUES (86, 1, 'NATION', 'mz_jnz', '基诺族', b'1', '', 43, 1, '2018-03-15 20:11:01', 1, '2018-03-15 20:11:04');
INSERT INTO `c_common_dictionary_item`(`id`, `dictionary_id`, `dictionary_code`, `code`, `name`, `status_`, `describe_`, `sort_value`, `create_user`, `create_time`, `update_user`, `update_time`) VALUES (87, 1, 'NATION', 'mz_daz', '德昂族', b'1', '', 44, 1, '2018-03-15 20:11:01', 1, '2018-03-15 20:11:04');
INSERT INTO `c_common_dictionary_item`(`id`, `dictionary_id`, `dictionary_code`, `code`, `name`, `status_`, `describe_`, `sort_value`, `create_user`, `create_time`, `update_user`, `update_time`) VALUES (88, 1, 'NATION', 'mz_baz', '保安族', b'1', '', 45, 1, '2018-03-15 20:11:01', 1, '2018-03-15 20:11:04');
INSERT INTO `c_common_dictionary_item`(`id`, `dictionary_id`, `dictionary_code`, `code`, `name`, `status_`, `describe_`, `sort_value`, `create_user`, `create_time`, `update_user`, `update_time`) VALUES (89, 1, 'NATION', 'mz_elsz', '俄罗斯族', b'1', '', 46, 1, '2018-03-15 20:11:01', 1, '2018-03-15 20:11:04');
INSERT INTO `c_common_dictionary_item`(`id`, `dictionary_id`, `dictionary_code`, `code`, `name`, `status_`, `describe_`, `sort_value`, `create_user`, `create_time`, `update_user`, `update_time`) VALUES (90, 1, 'NATION', 'mz_ygz', '裕固族', b'1', '', 47, 1, '2018-03-15 20:11:01', 1, '2018-03-15 20:11:04');
INSERT INTO `c_common_dictionary_item`(`id`, `dictionary_id`, `dictionary_code`, `code`, `name`, `status_`, `describe_`, `sort_value`, `create_user`, `create_time`, `update_user`, `update_time`) VALUES (91, 1, 'NATION', 'mz_wzbkz', '乌兹别克族', b'1', '', 48, 1, '2018-03-15 20:11:01', 1, '2018-03-15 20:11:04');
INSERT INTO `c_common_dictionary_item`(`id`, `dictionary_id`, `dictionary_code`, `code`, `name`, `status_`, `describe_`, `sort_value`, `create_user`, `create_time`, `update_user`, `update_time`) VALUES (92, 1, 'NATION', 'mz_mbz', '门巴族', b'1', '', 49, 1, '2018-03-15 20:11:01', 1, '2018-03-15 20:11:04');
INSERT INTO `c_common_dictionary_item`(`id`, `dictionary_id`, `dictionary_code`, `code`, `name`, `status_`, `describe_`, `sort_value`, `create_user`, `create_time`, `update_user`, `update_time`) VALUES (93, 1, 'NATION', 'mz_elcz', '鄂伦春族', b'1', '', 50, 1, '2018-03-15 20:11:01', 1, '2018-03-15 20:11:04');
INSERT INTO `c_common_dictionary_item`(`id`, `dictionary_id`, `dictionary_code`, `code`, `name`, `status_`, `describe_`, `sort_value`, `create_user`, `create_time`, `update_user`, `update_time`) VALUES (94, 1, 'NATION', 'mz_dlz', '独龙族', b'1', '', 51, 1, '2018-03-15 20:11:01', 1, '2018-03-15 20:11:04');
INSERT INTO `c_common_dictionary_item`(`id`, `dictionary_id`, `dictionary_code`, `code`, `name`, `status_`, `describe_`, `sort_value`, `create_user`, `create_time`, `update_user`, `update_time`) VALUES (95, 1, 'NATION', 'mz_tkez', '塔塔尔族', b'1', '', 52, 1, '2018-03-15 20:11:01', 1, '2018-03-15 20:11:04');
INSERT INTO `c_common_dictionary_item`(`id`, `dictionary_id`, `dictionary_code`, `code`, `name`, `status_`, `describe_`, `sort_value`, `create_user`, `create_time`, `update_user`, `update_time`) VALUES (96, 1, 'NATION', 'mz_hzz', '赫哲族', b'1', '', 53, 1, '2018-03-15 20:11:01', 1, '2018-03-15 20:11:04');
INSERT INTO `c_common_dictionary_item`(`id`, `dictionary_id`, `dictionary_code`, `code`, `name`, `status_`, `describe_`, `sort_value`, `create_user`, `create_time`, `update_user`, `update_time`) VALUES (97, 1, 'NATION', 'mz_lbz', '珞巴族', b'1', '', 54, 1, '2018-03-15 20:11:01', 1, '2018-03-15 20:11:04');
INSERT INTO `c_common_dictionary_item`(`id`, `dictionary_id`, `dictionary_code`, `code`, `name`, `status_`, `describe_`, `sort_value`, `create_user`, `create_time`, `update_user`, `update_time`) VALUES (98, 1, 'NATION', 'mz_blz', '布朗族', b'1', '', 55, 1, '2018-03-15 20:11:01', 1, '2018-03-15 20:11:04');
INSERT INTO `c_common_dictionary_item`(`id`, `dictionary_id`, `dictionary_code`, `code`, `name`, `status_`, `describe_`, `sort_value`, `create_user`, `create_time`, `update_user`, `update_time`) VALUES (99, 2, 'POSITION_STATUS', 'WORKING', '在职', b'1', '', 1, 1, '2019-06-04 11:38:16', 1, '2019-06-04 11:38:16');
INSERT INTO `c_common_dictionary_item`(`id`, `dictionary_id`, `dictionary_code`, `code`, `name`, `status_`, `describe_`, `sort_value`, `create_user`, `create_time`, `update_user`, `update_time`) VALUES (100, 2, 'POSITION_STATUS', 'LEAVE', '离职', b'1', '', 2, 1, '2019-06-04 11:38:50', 1, '2019-06-04 11:38:50');
