INSERT INTO `c_auth_menu`(`id`, `name`, `describe_`, `is_public`, `path`, `component`, `is_enable`, `sort_value`, `icon`, `group_`, `parent_id`, `create_user`, `create_time`, `update_user`, `update_time`) VALUES (101, '用户中心', '用户组织机构', b'0', '/user', 'Layout', b'1', 0, 'el-icon-user-solid', '', 0, 1, '2019-07-25 15:35:12', 3, '2019-11-11 14:32:02');
INSERT INTO `c_auth_menu`(`id`, `name`, `describe_`, `is_public`, `path`, `component`, `is_enable`, `sort_value`, `icon`, `group_`, `parent_id`, `create_user`, `create_time`, `update_user`, `update_time`) VALUES (102, '权限管理', '管理权限相关', b'0', '/auth', 'Layout', b'1', 1, 'el-icon-lock', '', 0, 1, '2019-07-27 11:48:49', 3, '2019-11-11 14:35:39');
INSERT INTO `c_auth_menu`(`id`, `name`, `describe_`, `is_public`, `path`, `component`, `is_enable`, `sort_value`, `icon`, `group_`, `parent_id`, `create_user`, `create_time`, `update_user`, `update_time`) VALUES (103, '基础配置', '基础的配置', b'0', '/base', 'Layout', b'1', 2, 'el-icon-set-up', '', 0, 1, '2019-11-11 14:38:29', 3, '2019-11-11 14:35:42');
INSERT INTO `c_auth_menu`(`id`, `name`, `describe_`, `is_public`, `path`, `component`, `is_enable`, `sort_value`, `icon`, `group_`, `parent_id`, `create_user`, `create_time`, `update_user`, `update_time`) VALUES (104, '开发者管理', '开发者', b'0', '/developer', 'Layout', b'1', 3, 'el-icon-user-solid', '', 0, 1, '2019-11-11 14:38:34', 3, '2019-11-11 14:35:44');
INSERT INTO `c_auth_menu`(`id`, `name`, `describe_`, `is_public`, `path`, `component`, `is_enable`, `sort_value`, `icon`, `group_`, `parent_id`, `create_user`, `create_time`, `update_user`, `update_time`) VALUES (105, '消息中心', '站内信', b'0', '/msgs', 'Layout', b'1', 4, 'el-icon-chat-line-square', '', 0, 1, '2019-11-11 14:38:32', 3, '2019-11-11 14:35:47');
INSERT INTO `c_auth_menu`(`id`, `name`, `describe_`, `is_public`, `path`, `component`, `is_enable`, `sort_value`, `icon`, `group_`, `parent_id`, `create_user`, `create_time`, `update_user`, `update_time`) VALUES (106, '短信中心', '短信接口', b'0', '/sms', 'Layout', b'1', 5, 'el-icon-chat-line-round', '', 0, 1, '2019-11-11 14:38:36', 3, '2019-11-11 14:35:49');
INSERT INTO `c_auth_menu`(`id`, `name`, `describe_`, `is_public`, `path`, `component`, `is_enable`, `sort_value`, `icon`, `group_`, `parent_id`, `create_user`, `create_time`, `update_user`, `update_time`) VALUES (107, '文件中心', '附件接口', b'0', '/file', 'Layout', b'1', 6, 'el-icon-folder-add', '', 0, 1, '2019-11-11 14:38:38', 3, '2019-11-11 14:35:51');
INSERT INTO `c_auth_menu`(`id`, `name`, `describe_`, `is_public`, `path`, `component`, `is_enable`, `sort_value`, `icon`, `group_`, `parent_id`, `create_user`, `create_time`, `update_user`, `update_time`) VALUES (603976297063910529, '菜单配置', '', b'0', '/auth/menu', 'zuihou/auth/menu/Index', b'1', 0, '', '', 102, 1, '2019-07-25 15:46:11', 3, '2019-11-11 14:31:52');
INSERT INTO `c_auth_menu`(`id`, `name`, `describe_`, `is_public`, `path`, `component`, `is_enable`, `sort_value`, `icon`, `group_`, `parent_id`, `create_user`, `create_time`, `update_user`, `update_time`) VALUES (603981723864141121, '角色管理', '', b'0', '/auth/role', 'zuihou/auth/role/Index', b'1', 1, '', '', 102, 1, '2019-07-25 16:07:45', 3, '2019-11-11 14:31:57');
INSERT INTO `c_auth_menu`(`id`, `name`, `describe_`, `is_public`, `path`, `component`, `is_enable`, `sort_value`, `icon`, `group_`, `parent_id`, `create_user`, `create_time`, `update_user`, `update_time`) VALUES (603982542332235201, '组织管理', '', b'0', '/user/org', 'zuihou/user/org/Index', b'1', 0, '', '', 101, 1, '2019-07-25 16:11:00', 3, '2019-11-11 14:28:40');
INSERT INTO `c_auth_menu`(`id`, `name`, `describe_`, `is_public`, `path`, `component`, `is_enable`, `sort_value`, `icon`, `group_`, `parent_id`, `create_user`, `create_time`, `update_user`, `update_time`) VALUES (603982713849908801, '岗位管理', '', b'0', '/user/station', 'zuihou/user/station/Index', b'1', 1, '', '', 101, 1, '2019-07-25 16:11:41', 3, '2019-11-11 14:28:43');
INSERT INTO `c_auth_menu`(`id`, `name`, `describe_`, `is_public`, `path`, `component`, `is_enable`, `sort_value`, `icon`, `group_`, `parent_id`, `create_user`, `create_time`, `update_user`, `update_time`) VALUES (603983082961243905, '用户管理', '', b'0', '/user/user', 'zuihou/user/user/Index', b'1', 2, '', '', 101, 1, '2019-07-25 16:13:09', 3, '2019-11-11 14:28:49');
INSERT INTO `c_auth_menu`(`id`, `name`, `describe_`, `is_public`, `path`, `component`, `is_enable`, `sort_value`, `icon`, `group_`, `parent_id`, `create_user`, `create_time`, `update_user`, `update_time`) VALUES (605078371293987105, '数据字典维护', '', b'0', '/base/dict', 'zuihou/base/dict/Index', b'1', 0, '', '', 103, 1, '2019-07-28 16:45:26', 3, '2019-11-11 14:34:23');
INSERT INTO `c_auth_menu`(`id`, `name`, `describe_`, `is_public`, `path`, `component`, `is_enable`, `sort_value`, `icon`, `group_`, `parent_id`, `create_user`, `create_time`, `update_user`, `update_time`) VALUES (605078463069552993, '地区信息维护', '', b'0', '/base/area', 'zuihou/base/area/Index', b'1', 1, '', '', 103, 1, '2019-07-28 16:45:48', 3, '2019-11-11 14:34:26');
INSERT INTO `c_auth_menu`(`id`, `name`, `describe_`, `is_public`, `path`, `component`, `is_enable`, `sort_value`, `icon`, `group_`, `parent_id`, `create_user`, `create_time`, `update_user`, `update_time`) VALUES (605078538881597857, '服务管理', '', b'0', '/developer/service', 'zuihou/developer/service/Index', b'1', 0, '', '', 104, 1, '2019-07-28 16:46:06', 3, '2019-11-11 14:34:28');
INSERT INTO `c_auth_menu`(`id`, `name`, `describe_`, `is_public`, `path`, `component`, `is_enable`, `sort_value`, `icon`, `group_`, `parent_id`, `create_user`, `create_time`, `update_user`, `update_time`) VALUES (605078672772170209, '操作日志', '', b'0', '/developer/optLog', 'zuihou/developer/optLog/Index', b'1', 3, '', '', 104, 1, '2019-07-28 16:46:38', 3, '2019-11-11 14:35:14');
INSERT INTO `c_auth_menu`(`id`, `name`, `describe_`, `is_public`, `path`, `component`, `is_enable`, `sort_value`, `icon`, `group_`, `parent_id`, `create_user`, `create_time`, `update_user`, `update_time`) VALUES (605078979149300257, '数据库监控', '', b'0', '/developer/db', 'zuihou/developer/db/Index', b'1', 2, '', '', 104, 1, '2019-07-28 16:47:51', 3, '2019-11-16 16:35:50');
INSERT INTO `c_auth_menu`(`id`, `name`, `describe_`, `is_public`, `path`, `component`, `is_enable`, `sort_value`, `icon`, `group_`, `parent_id`, `create_user`, `create_time`, `update_user`, `update_time`) VALUES (605079239015793249, '接口文档', '', b'0', 'http://localhost:8760/api/gate/doc.html?showMenuApi=1&showDes=1&plus=1&cache=1&cacheApi=1&lang=zh', 'Layout', b'1', 5, '', '', 104, 1, '2019-07-28 16:48:53', 3, '2019-11-16 10:55:03');
INSERT INTO `c_auth_menu`(`id`, `name`, `describe_`, `is_public`, `path`, `component`, `is_enable`, `sort_value`, `icon`, `group_`, `parent_id`, `create_user`, `create_time`, `update_user`, `update_time`) VALUES (605079411338773153, '注册&配置中心', '', b'0', 'http://localhost:8848/nacos', 'Layout', b'1', 6, '', '', 104, 1, '2019-07-28 16:49:34', 3, '2019-11-16 10:55:06');
INSERT INTO `c_auth_menu`(`id`, `name`, `describe_`, `is_public`, `path`, `component`, `is_enable`, `sort_value`, `icon`, `group_`, `parent_id`, `create_user`, `create_time`, `update_user`, `update_time`) VALUES (605079545585861345, '缓存监控', '', b'0', 'http://www.baidu.com', 'Layout', b'1', 7, '', '', 104, 1, '2019-07-28 16:50:06', 3, '2019-11-16 10:55:08');
INSERT INTO `c_auth_menu`(`id`, `name`, `describe_`, `is_public`, `path`, `component`, `is_enable`, `sort_value`, `icon`, `group_`, `parent_id`, `create_user`, `create_time`, `update_user`, `update_time`) VALUES (605079658416833313, '服务器监控', '', b'0', 'http://127.0.0.1:8762/zuihou-monitor', 'Layout', b'1', 8, '', '', 104, 1, '2019-07-28 16:50:33', 3, '2019-11-16 10:55:15');
INSERT INTO `c_auth_menu`(`id`, `name`, `describe_`, `is_public`, `path`, `component`, `is_enable`, `sort_value`, `icon`, `group_`, `parent_id`, `create_user`, `create_time`, `update_user`, `update_time`) VALUES (605079751035454305, '消息推送', '', b'0', '/msgs/sendMsgs', 'zuihou/msgs/sendMsgs/Index', b'1', 0, '', '', 105, 1, '2019-07-28 16:50:55', 3, '2019-11-11 14:28:30');
INSERT INTO `c_auth_menu`(`id`, `name`, `describe_`, `is_public`, `path`, `component`, `is_enable`, `sort_value`, `icon`, `group_`, `parent_id`, `create_user`, `create_time`, `update_user`, `update_time`) VALUES (605080023753294753, '我的消息', '', b'0', '/msgs/myMsgs', 'zuihou/msgs/myMsgs/Index', b'1', 1, '', '', 105, 1, '2019-07-28 16:52:00', 3, '2019-11-11 14:28:27');
INSERT INTO `c_auth_menu`(`id`, `name`, `describe_`, `is_public`, `path`, `component`, `is_enable`, `sort_value`, `icon`, `group_`, `parent_id`, `create_user`, `create_time`, `update_user`, `update_time`) VALUES (605080107379327969, '账号配置', '', b'0', '/sms/template', 'zuihou/sms/template/Index', b'1', 1, '', '', 106, 1, '2019-07-28 16:52:20', 3, '2019-11-21 19:53:17');
INSERT INTO `c_auth_menu`(`id`, `name`, `describe_`, `is_public`, `path`, `component`, `is_enable`, `sort_value`, `icon`, `group_`, `parent_id`, `create_user`, `create_time`, `update_user`, `update_time`) VALUES (605080359394083937, '短信管理', '', b'0', '/sms/manage', 'zuihou/sms/manage/Index', b'1', 0, '', '', 106, 1, '2019-07-28 16:53:20', 3, '2019-11-21 19:53:09');
INSERT INTO `c_auth_menu`(`id`, `name`, `describe_`, `is_public`, `path`, `component`, `is_enable`, `sort_value`, `icon`, `group_`, `parent_id`, `create_user`, `create_time`, `update_user`, `update_time`) VALUES (605080648767505601, '附件列表', '', b'0', '/file/attachment', 'zuihou/file/attachment/Index', b'1', 0, '', '', 107, 1, '2019-07-28 16:54:29', 3, '2019-11-11 14:28:07');
INSERT INTO `c_auth_menu`(`id`, `name`, `describe_`, `is_public`, `path`, `component`, `is_enable`, `sort_value`, `icon`, `group_`, `parent_id`, `create_user`, `create_time`, `update_user`, `update_time`) VALUES (605080816296396097, '定时调度中心', '', b'0', 'http://127.0.0.1:8767/zuihou-jobs-server', 'Layout', b'1', 9, '', '', 104, 1, '2019-07-28 16:55:09', 3, '2019-11-16 10:55:18');
INSERT INTO `c_auth_menu`(`id`, `name`, `describe_`, `is_public`, `path`, `component`, `is_enable`, `sort_value`, `icon`, `group_`, `parent_id`, `create_user`, `create_time`, `update_user`, `update_time`) VALUES (605424535633666945, '接口查询', '', b'0', '/developer/apiView', 'zuihou/developer/apiView/Index', b'1', 1, '', '', 104, 1, '2019-07-29 15:40:58', 3, '2019-11-11 14:34:30');
INSERT INTO `c_auth_menu`(`id`, `name`, `describe_`, `is_public`, `path`, `component`, `is_enable`, `sort_value`, `icon`, `group_`, `parent_id`, `create_user`, `create_time`, `update_user`, `update_time`) VALUES (643464272629728001, '务必详看', '', b'1', '/doc', 'zuihou/doc/Index', b'1', 0, 'el-icon-notebook-1', '', 0, 3, '2019-11-11 14:57:18', 3, '2019-11-11 15:01:31');
INSERT INTO `c_auth_menu`(`id`, `name`, `describe_`, `is_public`, `path`, `component`, `is_enable`, `sort_value`, `icon`, `group_`, `parent_id`, `create_user`, `create_time`, `update_user`, `update_time`) VALUES (643464392888812545, '后端代码', '', b'1', 'https://github.com/zuihou/zuihou-admin-cloud', 'Layout', b'1', 1, '', '', 643464272629728001, 3, '2019-11-11 14:57:46', 3, '2019-11-11 15:00:05');
INSERT INTO `c_auth_menu`(`id`, `name`, `describe_`, `is_public`, `path`, `component`, `is_enable`, `sort_value`, `icon`, `group_`, `parent_id`, `create_user`, `create_time`, `update_user`, `update_time`) VALUES (643464517879071841, '租户平台-前端代码', '', b'1', 'https://github.com/zuihou/zuihou-ui', 'Layout', b'1', 2, '', '', 643464272629728001, 3, '2019-11-11 14:58:16', 3, '2019-11-11 15:00:09');
INSERT INTO `c_auth_menu`(`id`, `name`, `describe_`, `is_public`, `path`, `component`, `is_enable`, `sort_value`, `icon`, `group_`, `parent_id`, `create_user`, `create_time`, `update_user`, `update_time`) VALUES (643464706228487361, '运营平台-前端代码', '', b'1', 'https://github.com/zuihou/zuihou-admin-ui', 'Layout', b'1', 3, '', '', 643464272629728001, 3, '2019-11-11 14:59:01', 3, '2019-11-11 15:00:11');
INSERT INTO `c_auth_menu`(`id`, `name`, `describe_`, `is_public`, `path`, `component`, `is_enable`, `sort_value`, `icon`, `group_`, `parent_id`, `create_user`, `create_time`, `update_user`, `update_time`) VALUES (643464953478514081, '在线文档', '', b'1', 'https://www.kancloud.cn/zuihou/zuihou-admin-cloud', 'Layout', b'1', 0, '', '', 643464272629728001, 3, '2019-11-11 15:00:00', 3, '2019-11-11 15:01:36');
INSERT INTO `c_auth_menu`(`id`, `name`, `describe_`, `is_public`, `path`, `component`, `is_enable`, `sort_value`, `icon`, `group_`, `parent_id`, `create_user`, `create_time`, `update_user`, `update_time`) VALUES (644111530555611361, '链路调用监控', '', b'0', 'http://127.0.0.1:8772/zipkin', 'Layout', b'1', 10, '', '', 104, 3, '2019-11-13 09:49:16', 3, '2019-11-13 09:56:51');
INSERT INTO `c_auth_menu`(`id`, `name`, `describe_`, `is_public`, `path`, `component`, `is_enable`, `sort_value`, `icon`, `group_`, `parent_id`, `create_user`, `create_time`, `update_user`, `update_time`) VALUES (645215230518909025, '登录日志', '', b'0', '/developer/loginLog', 'zuihou/developer/loginLog/Index', b'1', 4, '', '', 104, 3, '2019-11-16 10:54:59', 3, '2019-11-16 10:54:59');

INSERT INTO `c_auth_resource`(`id`, `code`, `name`, `menu_id`, `describe_`, `create_user`, `create_time`, `update_user`, `update_time`) VALUES (643444685339100193, 'org:add', '添加', 603982542332235201, '', 3, '2019-11-11 13:39:28', 3, '2019-11-11 13:39:50');
INSERT INTO `c_auth_resource`(`id`, `code`, `name`, `menu_id`, `describe_`, `create_user`, `create_time`, `update_user`, `update_time`) VALUES (643444685339100194, 'role:config', '配置', 603981723864141121, '', 3, '2019-11-11 13:39:28', 3, '2019-11-11 13:39:50');
INSERT INTO `c_auth_resource`(`id`, `code`, `name`, `menu_id`, `describe_`, `create_user`, `create_time`, `update_user`, `update_time`) VALUES (643444685339100195, 'resource:add', '添加', 603976297063910529, '', 3, '2019-11-11 13:39:28', 3, '2019-11-11 13:39:50');
INSERT INTO `c_auth_resource`(`id`, `code`, `name`, `menu_id`, `describe_`, `create_user`, `create_time`, `update_user`, `update_time`) VALUES (643444685339100196, 'resource:update', '修改', 603976297063910529, '', 3, '2019-11-11 13:39:28', 3, '2019-11-11 13:39:50');
INSERT INTO `c_auth_resource`(`id`, `code`, `name`, `menu_id`, `describe_`, `create_user`, `create_time`, `update_user`, `update_time`) VALUES (643444685339100197, 'resource:delete', '删除', 603976297063910529, '', 3, '2019-11-11 13:39:28', 3, '2019-11-11 13:39:50');
INSERT INTO `c_auth_resource`(`id`, `code`, `name`, `menu_id`, `describe_`, `create_user`, `create_time`, `update_user`, `update_time`) VALUES (643444819758154945, 'org:update', '修改', 603982542332235201, '', 3, '2019-11-11 13:40:00', 3, '2019-11-11 13:40:00');
INSERT INTO `c_auth_resource`(`id`, `code`, `name`, `menu_id`, `describe_`, `create_user`, `create_time`, `update_user`, `update_time`) VALUES (643444858974897441, 'org:delete', '删除', 603982542332235201, '', 3, '2019-11-11 13:40:09', 3, '2019-11-11 13:40:09');
INSERT INTO `c_auth_resource`(`id`, `code`, `name`, `menu_id`, `describe_`, `create_user`, `create_time`, `update_user`, `update_time`) VALUES (643444897201784193, 'org:view', '查询', 603982542332235201, '', 3, '2019-11-11 13:40:18', 3, '2019-11-11 13:40:18');
INSERT INTO `c_auth_resource`(`id`, `code`, `name`, `menu_id`, `describe_`, `create_user`, `create_time`, `update_user`, `update_time`) VALUES (643444992357959137, 'org:import', '导入', 603982542332235201, '', 3, '2019-11-11 13:40:41', 3, '2019-11-11 13:40:41');
INSERT INTO `c_auth_resource`(`id`, `code`, `name`, `menu_id`, `describe_`, `create_user`, `create_time`, `update_user`, `update_time`) VALUES (643445016773002817, 'org:export', '导出', 603982542332235201, '', 3, '2019-11-11 13:40:47', 3, '2019-11-11 13:40:47');
INSERT INTO `c_auth_resource`(`id`, `code`, `name`, `menu_id`, `describe_`, `create_user`, `create_time`, `update_user`, `update_time`) VALUES (643445116756821697, 'station:add', '添加', 603982713849908801, '', 3, '2019-11-11 13:41:11', 3, '2019-11-11 13:41:11');
INSERT INTO `c_auth_resource`(`id`, `code`, `name`, `menu_id`, `describe_`, `create_user`, `create_time`, `update_user`, `update_time`) VALUES (643445162915137313, 'station:update', '修改', 603982713849908801, '', 3, '2019-11-11 13:41:22', 3, '2019-11-11 13:41:22');
INSERT INTO `c_auth_resource`(`id`, `code`, `name`, `menu_id`, `describe_`, `create_user`, `create_time`, `update_user`, `update_time`) VALUES (643445197954353025, 'station:delete', '删除', 603982713849908801, '', 3, '2019-11-11 13:41:30', 3, '2019-11-11 13:41:30');
INSERT INTO `c_auth_resource`(`id`, `code`, `name`, `menu_id`, `describe_`, `create_user`, `create_time`, `update_user`, `update_time`) VALUES (643445229575210977, 'station:view', '查看', 603982713849908801, '', 3, '2019-11-11 13:41:38', 3, '2019-11-11 13:41:38');
INSERT INTO `c_auth_resource`(`id`, `code`, `name`, `menu_id`, `describe_`, `create_user`, `create_time`, `update_user`, `update_time`) VALUES (643445262110427201, 'station:export', '导出', 603982713849908801, '', 3, '2019-11-11 13:41:45', 3, '2019-11-11 13:41:45');
INSERT INTO `c_auth_resource`(`id`, `code`, `name`, `menu_id`, `describe_`, `create_user`, `create_time`, `update_user`, `update_time`) VALUES (643445283996305569, 'station:import', '导入', 603982713849908801, '', 3, '2019-11-11 13:41:51', 3, '2019-11-11 13:41:51');
INSERT INTO `c_auth_resource`(`id`, `code`, `name`, `menu_id`, `describe_`, `create_user`, `create_time`, `update_user`, `update_time`) VALUES (643445352703199521, 'user:add', '添加', 603983082961243905, '', 3, '2019-11-11 13:42:07', 3, '2019-11-11 13:42:07');
INSERT INTO `c_auth_resource`(`id`, `code`, `name`, `menu_id`, `describe_`, `create_user`, `create_time`, `update_user`, `update_time`) VALUES (643445412774021505, 'user:update', '修改', 603983082961243905, '', 3, '2019-11-11 13:42:21', 3, '2019-11-11 13:42:21');
INSERT INTO `c_auth_resource`(`id`, `code`, `name`, `menu_id`, `describe_`, `create_user`, `create_time`, `update_user`, `update_time`) VALUES (643445448081672673, 'user:delete', '删除', 603983082961243905, '', 3, '2019-11-11 13:42:30', 3, '2019-11-11 13:42:30');
INSERT INTO `c_auth_resource`(`id`, `code`, `name`, `menu_id`, `describe_`, `create_user`, `create_time`, `update_user`, `update_time`) VALUES (643445477274028609, 'user:view', '查看', 603983082961243905, '', 3, '2019-11-11 13:42:37', 3, '2019-11-11 13:42:37');
INSERT INTO `c_auth_resource`(`id`, `code`, `name`, `menu_id`, `describe_`, `create_user`, `create_time`, `update_user`, `update_time`) VALUES (643445514607528609, 'user:import', '导入', 603983082961243905, '', 3, '2019-11-11 13:42:46', 3, '2019-11-11 13:42:46');
INSERT INTO `c_auth_resource`(`id`, `code`, `name`, `menu_id`, `describe_`, `create_user`, `create_time`, `update_user`, `update_time`) VALUES (643445542076025601, 'user:export', '导出', 603983082961243905, '', 3, '2019-11-11 13:42:52', 3, '2019-11-11 13:42:52');
INSERT INTO `c_auth_resource`(`id`, `code`, `name`, `menu_id`, `describe_`, `create_user`, `create_time`, `update_user`, `update_time`) VALUES (643445641149680705, 'menu:add', '添加', 603976297063910529, '', 3, '2019-11-11 13:43:16', 3, '2019-11-11 13:43:16');
INSERT INTO `c_auth_resource`(`id`, `code`, `name`, `menu_id`, `describe_`, `create_user`, `create_time`, `update_user`, `update_time`) VALUES (643445674330819745, 'menu:update', '修改', 603976297063910529, '', 3, '2019-11-11 13:43:24', 3, '2019-11-11 13:43:24');
INSERT INTO `c_auth_resource`(`id`, `code`, `name`, `menu_id`, `describe_`, `create_user`, `create_time`, `update_user`, `update_time`) VALUES (643445704177487105, 'menu:delete', '删除', 603976297063910529, '', 3, '2019-11-11 13:43:31', 3, '2019-11-11 13:43:31');
INSERT INTO `c_auth_resource`(`id`, `code`, `name`, `menu_id`, `describe_`, `create_user`, `create_time`, `update_user`, `update_time`) VALUES (643445747320098145, 'menu:view', '查看', 603976297063910529, '', 3, '2019-11-11 13:43:41', 3, '2019-11-11 13:43:41');
INSERT INTO `c_auth_resource`(`id`, `code`, `name`, `menu_id`, `describe_`, `create_user`, `create_time`, `update_user`, `update_time`) VALUES (643445774687931841, 'menu:export', '导出', 603976297063910529, '', 3, '2019-11-11 13:43:48', 3, '2019-11-11 13:43:48');
INSERT INTO `c_auth_resource`(`id`, `code`, `name`, `menu_id`, `describe_`, `create_user`, `create_time`, `update_user`, `update_time`) VALUES (643445802106097185, 'menu:import', '导入', 603976297063910529, '', 3, '2019-11-11 13:43:54', 3, '2019-11-11 13:43:54');
INSERT INTO `c_auth_resource`(`id`, `code`, `name`, `menu_id`, `describe_`, `create_user`, `create_time`, `update_user`, `update_time`) VALUES (643448338154263521, 'role:add', '添加', 603981723864141121, '', 3, '2019-11-11 13:53:59', 3, '2019-11-11 13:53:59');
INSERT INTO `c_auth_resource`(`id`, `code`, `name`, `menu_id`, `describe_`, `create_user`, `create_time`, `update_user`, `update_time`) VALUES (643448369779315777, 'role:update', '修改', 603981723864141121, '', 3, '2019-11-11 13:54:06', 3, '2019-11-11 13:54:06');
INSERT INTO `c_auth_resource`(`id`, `code`, `name`, `menu_id`, `describe_`, `create_user`, `create_time`, `update_user`, `update_time`) VALUES (643448507767723169, 'role:delete', '删除', 603981723864141121, '', 3, '2019-11-11 13:54:39', 3, '2019-11-11 13:54:39');
INSERT INTO `c_auth_resource`(`id`, `code`, `name`, `menu_id`, `describe_`, `create_user`, `create_time`, `update_user`, `update_time`) VALUES (643448611161511169, 'role:view', '查看', 603981723864141121, '', 3, '2019-11-11 13:55:04', 3, '2019-11-11 13:55:04');
INSERT INTO `c_auth_resource`(`id`, `code`, `name`, `menu_id`, `describe_`, `create_user`, `create_time`, `update_user`, `update_time`) VALUES (643448656451605857, 'role:export', '导出', 603981723864141121, '', 3, '2019-11-11 13:55:15', 3, '2019-11-11 13:55:15');
INSERT INTO `c_auth_resource`(`id`, `code`, `name`, `menu_id`, `describe_`, `create_user`, `create_time`, `update_user`, `update_time`) VALUES (643448730950833601, 'role:import', '导入', 603981723864141121, '', 3, '2019-11-11 13:55:32', 3, '2019-11-11 13:55:32');
INSERT INTO `c_auth_resource`(`id`, `code`, `name`, `menu_id`, `describe_`, `create_user`, `create_time`, `update_user`, `update_time`) VALUES (643448826945869409, 'role:auth', '授权', 603981723864141121, '', 3, '2019-11-11 13:55:55', 3, '2019-11-11 13:55:55');
INSERT INTO `c_auth_resource`(`id`, `code`, `name`, `menu_id`, `describe_`, `create_user`, `create_time`, `update_user`, `update_time`) VALUES (643449540959016737, 'dict:add', '添加', 605078371293987105, '', 3, '2019-11-11 13:58:45', 3, '2019-11-11 13:58:45');
INSERT INTO `c_auth_resource`(`id`, `code`, `name`, `menu_id`, `describe_`, `create_user`, `create_time`, `update_user`, `update_time`) VALUES (643449573045442433, 'dict:update', '修改', 605078371293987105, '', 3, '2019-11-11 13:58:53', 3, '2019-11-11 13:58:53');
INSERT INTO `c_auth_resource`(`id`, `code`, `name`, `menu_id`, `describe_`, `create_user`, `create_time`, `update_user`, `update_time`) VALUES (643449629173618657, 'dict:view', '查看', 605078371293987105, '', 3, '2019-11-11 13:59:07', 3, '2019-11-11 13:59:07');
INSERT INTO `c_auth_resource`(`id`, `code`, `name`, `menu_id`, `describe_`, `create_user`, `create_time`, `update_user`, `update_time`) VALUES (643449944866297985, 'dict:delete', '删除', 605078371293987105, '', 3, '2019-11-11 14:00:22', 3, '2019-11-11 14:00:22');
INSERT INTO `c_auth_resource`(`id`, `code`, `name`, `menu_id`, `describe_`, `create_user`, `create_time`, `update_user`, `update_time`) VALUES (643449998909905121, 'dict:export', '导出', 605078371293987105, '', 3, '2019-11-11 14:00:35', 3, '2019-11-11 14:00:35');
INSERT INTO `c_auth_resource`(`id`, `code`, `name`, `menu_id`, `describe_`, `create_user`, `create_time`, `update_user`, `update_time`) VALUES (643450072595437889, 'dict:import', '导入', 605078371293987105, '', 3, '2019-11-11 14:00:52', 3, '2019-11-11 14:00:52');
INSERT INTO `c_auth_resource`(`id`, `code`, `name`, `menu_id`, `describe_`, `create_user`, `create_time`, `update_user`, `update_time`) VALUES (643450171333548481, 'area:add', '添加', 605078463069552993, '', 3, '2019-11-11 14:01:16', 3, '2019-11-11 14:01:16');
INSERT INTO `c_auth_resource`(`id`, `code`, `name`, `menu_id`, `describe_`, `create_user`, `create_time`, `update_user`, `update_time`) VALUES (643450210449627681, 'area:update', '修改', 605078463069552993, '', 3, '2019-11-11 14:01:25', 3, '2019-11-11 14:01:25');
INSERT INTO `c_auth_resource`(`id`, `code`, `name`, `menu_id`, `describe_`, `create_user`, `create_time`, `update_user`, `update_time`) VALUES (643450295858240129, 'area:delete', '删除', 605078463069552993, '', 3, '2019-11-11 14:01:45', 3, '2019-11-11 14:01:45');
INSERT INTO `c_auth_resource`(`id`, `code`, `name`, `menu_id`, `describe_`, `create_user`, `create_time`, `update_user`, `update_time`) VALUES (643450326619265761, 'area:view', '查看', 605078463069552993, '', 3, '2019-11-11 14:01:53', 3, '2019-11-11 14:01:53');
INSERT INTO `c_auth_resource`(`id`, `code`, `name`, `menu_id`, `describe_`, `create_user`, `create_time`, `update_user`, `update_time`) VALUES (643450551291353921, 'area:export', '导出', 605078463069552993, '', 3, '2019-11-11 14:02:46', 3, '2019-11-11 14:02:46');
INSERT INTO `c_auth_resource`(`id`, `code`, `name`, `menu_id`, `describe_`, `create_user`, `create_time`, `update_user`, `update_time`) VALUES (643450602218593185, 'area:import', '导入', 605078463069552993, '', 3, '2019-11-11 14:02:59', 3, '2019-11-11 14:02:59');
INSERT INTO `c_auth_resource`(`id`, `code`, `name`, `menu_id`, `describe_`, `create_user`, `create_time`, `update_user`, `update_time`) VALUES (643450770317909249, 'optLog:view', '查看', 605078672772170209, '', 3, '2019-11-11 14:03:39', 3, '2019-11-11 14:03:39');
INSERT INTO `c_auth_resource`(`id`, `code`, `name`, `menu_id`, `describe_`, `create_user`, `create_time`, `update_user`, `update_time`) VALUES (643450853134441825, 'optLog:export', '导出', 605078672772170209, '', 3, '2019-11-11 14:03:58', 3, '2019-11-11 14:03:58');
INSERT INTO `c_auth_resource`(`id`, `code`, `name`, `menu_id`, `describe_`, `create_user`, `create_time`, `update_user`, `update_time`) VALUES (643451893279892129, 'msgs:view', '查看', 605080023753294753, '', 3, '2019-11-11 14:08:06', 3, '2019-11-11 14:08:06');
INSERT INTO `c_auth_resource`(`id`, `code`, `name`, `menu_id`, `describe_`, `create_user`, `create_time`, `update_user`, `update_time`) VALUES (643451945020826369, 'msgs:delete', '删除', 605080023753294753, '', 3, '2019-11-11 14:08:19', 3, '2019-11-11 14:08:19');
INSERT INTO `c_auth_resource`(`id`, `code`, `name`, `menu_id`, `describe_`, `create_user`, `create_time`, `update_user`, `update_time`) VALUES (643451994945626977, 'msgs:update', '修改', 605080023753294753, '', 3, '2019-11-11 14:08:31', 3, '2019-11-11 14:08:31');
INSERT INTO `c_auth_resource`(`id`, `code`, `name`, `menu_id`, `describe_`, `create_user`, `create_time`, `update_user`, `update_time`) VALUES (643452086981239745, 'msgs:export', '导出', 605080023753294753, '', 3, '2019-11-11 14:08:53', 3, '2019-11-11 14:08:53');
INSERT INTO `c_auth_resource`(`id`, `code`, `name`, `menu_id`, `describe_`, `create_user`, `create_time`, `update_user`, `update_time`) VALUES (643452393857492033, 'sms:template:add', '添加', 605080107379327969, '', 3, '2019-11-11 14:10:06', 3, '2019-11-11 14:10:06');
INSERT INTO `c_auth_resource`(`id`, `code`, `name`, `menu_id`, `describe_`, `create_user`, `create_time`, `update_user`, `update_time`) VALUES (643452429496493217, 'sms:template:update', '修改', 605080107379327969, '', 3, '2019-11-11 14:10:14', 3, '2019-11-11 14:10:14');
INSERT INTO `c_auth_resource`(`id`, `code`, `name`, `menu_id`, `describe_`, `create_user`, `create_time`, `update_user`, `update_time`) VALUES (643452458693043457, 'sms:template:view', '查看', 605080107379327969, '', 3, '2019-11-11 14:10:21', 3, '2019-11-11 14:10:21');
INSERT INTO `c_auth_resource`(`id`, `code`, `name`, `menu_id`, `describe_`, `create_user`, `create_time`, `update_user`, `update_time`) VALUES (643452488447436129, 'sms:template:delete', '删除', 605080107379327969, '', 3, '2019-11-11 14:10:28', 3, '2019-11-11 14:10:28');
INSERT INTO `c_auth_resource`(`id`, `code`, `name`, `menu_id`, `describe_`, `create_user`, `create_time`, `update_user`, `update_time`) VALUES (643452536954561985, 'sms:template:import', '导入', 605080107379327969, '', 3, '2019-11-11 14:10:40', 3, '2019-11-11 14:10:40');
INSERT INTO `c_auth_resource`(`id`, `code`, `name`, `menu_id`, `describe_`, `create_user`, `create_time`, `update_user`, `update_time`) VALUES (643452571645650465, 'sms:template:export', '导入', 605080107379327969, '', 3, '2019-11-11 14:10:48', 3, '2019-11-11 14:10:48');
INSERT INTO `c_auth_resource`(`id`, `code`, `name`, `menu_id`, `describe_`, `create_user`, `create_time`, `update_user`, `update_time`) VALUES (643454073500084577, 'sms:manage:add', '添加', 605080359394083937, '', 3, '2019-11-11 14:16:46', 3, '2019-11-11 14:16:46');
INSERT INTO `c_auth_resource`(`id`, `code`, `name`, `menu_id`, `describe_`, `create_user`, `create_time`, `update_user`, `update_time`) VALUES (643454110992968129, 'sms:manage:update', '修改', 605080359394083937, '', 3, '2019-11-11 14:16:55', 3, '2019-11-11 14:16:55');
INSERT INTO `c_auth_resource`(`id`, `code`, `name`, `menu_id`, `describe_`, `create_user`, `create_time`, `update_user`, `update_time`) VALUES (643454150905965089, 'sms:manage:view', '查看', 605080359394083937, '', 3, '2019-11-11 14:17:05', 3, '2019-11-11 14:17:05');
INSERT INTO `c_auth_resource`(`id`, `code`, `name`, `menu_id`, `describe_`, `create_user`, `create_time`, `update_user`, `update_time`) VALUES (643454825052252961, 'sms:manage:delete', '删除', 605080359394083937, '', 3, '2019-11-11 14:19:45', 3, '2019-11-11 14:19:45');
INSERT INTO `c_auth_resource`(`id`, `code`, `name`, `menu_id`, `describe_`, `create_user`, `create_time`, `update_user`, `update_time`) VALUES (643455175503129569, 'sms:manage:export', '导出', 605080359394083937, '', 3, '2019-11-11 14:21:09', 3, '2019-11-11 14:26:05');
INSERT INTO `c_auth_resource`(`id`, `code`, `name`, `menu_id`, `describe_`, `create_user`, `create_time`, `update_user`, `update_time`) VALUES (643455720519380097, 'sms:manage:import', '导入', 605080359394083937, '', 3, '2019-11-11 14:23:19', 3, '2019-11-11 14:23:19');
INSERT INTO `c_auth_resource`(`id`, `code`, `name`, `menu_id`, `describe_`, `create_user`, `create_time`, `update_user`, `update_time`) VALUES (643456690892582401, 'file:add', '添加', 605080648767505601, '', 3, '2019-11-11 14:27:10', 3, '2019-11-11 14:27:10');
INSERT INTO `c_auth_resource`(`id`, `code`, `name`, `menu_id`, `describe_`, `create_user`, `create_time`, `update_user`, `update_time`) VALUES (643456724186967649, 'file:update', '修改', 605080648767505601, '', 3, '2019-11-11 14:27:18', 3, '2019-11-11 14:27:18');
INSERT INTO `c_auth_resource`(`id`, `code`, `name`, `menu_id`, `describe_`, `create_user`, `create_time`, `update_user`, `update_time`) VALUES (643456761927315137, 'file:delete', '删除', 605080648767505601, '', 3, '2019-11-11 14:27:27', 3, '2019-11-11 14:27:27');
INSERT INTO `c_auth_resource`(`id`, `code`, `name`, `menu_id`, `describe_`, `create_user`, `create_time`, `update_user`, `update_time`) VALUES (643456789920100129, 'file:view', '查看', 605080648767505601, '', 3, '2019-11-11 14:27:34', 3, '2019-11-11 14:27:34');
INSERT INTO `c_auth_resource`(`id`, `code`, `name`, `menu_id`, `describe_`, `create_user`, `create_time`, `update_user`, `update_time`) VALUES (643456884694593409, 'file:download', '下载', 605080648767505601, '', 3, '2019-11-11 14:27:56', 3, '2019-11-11 14:27:56');
INSERT INTO `c_auth_resource`(`id`, `code`, `name`, `menu_id`, `describe_`, `create_user`, `create_time`, `update_user`, `update_time`) VALUES (645288214990422241, 'optLog:delete', '删除', 605078672772170209, '', 3, '2019-11-16 15:45:00', 3, '2019-11-16 15:45:00');
INSERT INTO `c_auth_resource`(`id`, `code`, `name`, `menu_id`, `describe_`, `create_user`, `create_time`, `update_user`, `update_time`) VALUES (645288283693121889, 'loginLog:delete', '删除', 645215230518909025, '', 3, '2019-11-16 15:45:16', 3, '2019-11-16 15:45:16');
INSERT INTO `c_auth_resource`(`id`, `code`, `name`, `menu_id`, `describe_`, `create_user`, `create_time`, `update_user`, `update_time`) VALUES (645288375300915649, 'loginLog:export', '导出', 645215230518909025, '', 3, '2019-11-16 15:45:38', 3, '2019-11-16 15:45:38');

INSERT INTO `c_auth_role`(`id`, `name`, `code`, `describe_`, `status`, `readonly`, `ds_type`, `create_user`, `create_time`, `update_user`, `update_time`) VALUES (100, '平台管理员', 'PT_ADMIN', '平台内置管理员', b'1', b'1', 'ALL', 1, '2019-10-25 13:46:00', 1, '2019-10-25 13:46:04');
INSERT INTO `c_auth_role`(`id`, `name`, `code`, `describe_`, `status`, `readonly`, `ds_type`, `create_user`, `create_time`, `update_user`, `update_time`) VALUES (643779012732130273, '普通员工', 'BASE_USER', '只有最基本的权限', b'1', b'0', 'SELF', 3, '2019-11-12 11:47:58', 3, '2019-11-16 09:47:11');
INSERT INTO `c_auth_role`(`id`, `name`, `code`, `describe_`, `status`, `readonly`, `ds_type`, `create_user`, `create_time`, `update_user`, `update_time`) VALUES (645198153556958497, '部门经理', 'DEPT_MANAGER', '管理本级以及子级用户', b'1', b'0', 'THIS_LEVEL_CHILDREN', 3, '2019-11-16 09:47:07', 3, '2019-11-16 09:47:45');

INSERT INTO `c_auth_role_authority`(`id`, `authority_id`, `authority_type`, `role_id`, `create_time`, `create_user`) VALUES (645194849598835329, 643445116756821697, 'RESOURCE', 100, '2019-11-16 09:33:59', 3);
INSERT INTO `c_auth_role_authority`(`id`, `authority_id`, `authority_type`, `role_id`, `create_time`, `create_user`) VALUES (645194849611418273, 643445802106097185, 'RESOURCE', 100, '2019-11-16 09:33:59', 3);
INSERT INTO `c_auth_role_authority`(`id`, `authority_id`, `authority_type`, `role_id`, `create_time`, `create_user`) VALUES (645194849615612609, 643448826945869409, 'RESOURCE', 100, '2019-11-16 09:33:59', 3);
INSERT INTO `c_auth_role_authority`(`id`, `authority_id`, `authority_type`, `role_id`, `create_time`, `create_user`) VALUES (645194849615612610, 643444685339100194, 'RESOURCE', 100, '2019-11-16 09:33:59', 3);
INSERT INTO `c_auth_role_authority`(`id`, `authority_id`, `authority_type`, `role_id`, `create_time`, `create_user`) VALUES (645194849615612611, 643444685339100195, 'RESOURCE', 100, '2019-11-16 09:33:59', 3);
INSERT INTO `c_auth_role_authority`(`id`, `authority_id`, `authority_type`, `role_id`, `create_time`, `create_user`) VALUES (645194849615612612, 643444685339100196, 'RESOURCE', 100, '2019-11-16 09:33:59', 3);
INSERT INTO `c_auth_role_authority`(`id`, `authority_id`, `authority_type`, `role_id`, `create_time`, `create_user`) VALUES (645194849615612613, 643444685339100197, 'RESOURCE', 100, '2019-11-16 09:33:59', 3);
INSERT INTO `c_auth_role_authority`(`id`, `authority_id`, `authority_type`, `role_id`, `create_time`, `create_user`) VALUES (645194849615612641, 643450072595437889, 'RESOURCE', 100, '2019-11-16 09:33:59', 3);
INSERT INTO `c_auth_role_authority`(`id`, `authority_id`, `authority_type`, `role_id`, `create_time`, `create_user`) VALUES (645194849619806977, 643452536954561985, 'RESOURCE', 100, '2019-11-16 09:33:59', 3);
INSERT INTO `c_auth_role_authority`(`id`, `authority_id`, `authority_type`, `role_id`, `create_time`, `create_user`) VALUES (645194849619807009, 643444685339100193, 'RESOURCE', 100, '2019-11-16 09:34:00', 3);
INSERT INTO `c_auth_role_authority`(`id`, `authority_id`, `authority_type`, `role_id`, `create_time`, `create_user`) VALUES (645194849624001345, 643445514607528609, 'RESOURCE', 100, '2019-11-16 09:34:00', 3);
INSERT INTO `c_auth_role_authority`(`id`, `authority_id`, `authority_type`, `role_id`, `create_time`, `create_user`) VALUES (645194849624001377, 643448507767723169, 'RESOURCE', 100, '2019-11-16 09:34:00', 3);
INSERT INTO `c_auth_role_authority`(`id`, `authority_id`, `authority_type`, `role_id`, `create_time`, `create_user`) VALUES (645194849624001409, 643450295858240129, 'RESOURCE', 100, '2019-11-16 09:34:00', 3);
INSERT INTO `c_auth_role_authority`(`id`, `authority_id`, `authority_type`, `role_id`, `create_time`, `create_user`) VALUES (645194849624001441, 643449998909905121, 'RESOURCE', 100, '2019-11-16 09:34:00', 3);
INSERT INTO `c_auth_role_authority`(`id`, `authority_id`, `authority_type`, `role_id`, `create_time`, `create_user`) VALUES (645194849628195777, 643445197954353025, 'RESOURCE', 100, '2019-11-16 09:34:00', 3);
INSERT INTO `c_auth_role_authority`(`id`, `authority_id`, `authority_type`, `role_id`, `create_time`, `create_user`) VALUES (645194849628195809, 643444897201784193, 'RESOURCE', 100, '2019-11-16 09:34:00', 3);
INSERT INTO `c_auth_role_authority`(`id`, `authority_id`, `authority_type`, `role_id`, `create_time`, `create_user`) VALUES (645194849628195841, 643448730950833601, 'RESOURCE', 100, '2019-11-16 09:34:00', 3);
INSERT INTO `c_auth_role_authority`(`id`, `authority_id`, `authority_type`, `role_id`, `create_time`, `create_user`) VALUES (645194849628195873, 643456690892582401, 'RESOURCE', 100, '2019-11-16 09:34:00', 3);
INSERT INTO `c_auth_role_authority`(`id`, `authority_id`, `authority_type`, `role_id`, `create_time`, `create_user`) VALUES (645194849628195905, 643445412774021505, 'RESOURCE', 100, '2019-11-16 09:34:00', 3);
INSERT INTO `c_auth_role_authority`(`id`, `authority_id`, `authority_type`, `role_id`, `create_time`, `create_user`) VALUES (645194849628195937, 643445262110427201, 'RESOURCE', 100, '2019-11-16 09:34:00', 3);
INSERT INTO `c_auth_role_authority`(`id`, `authority_id`, `authority_type`, `role_id`, `create_time`, `create_user`) VALUES (645194849632390273, 643448656451605857, 'RESOURCE', 100, '2019-11-16 09:34:00', 3);
INSERT INTO `c_auth_role_authority`(`id`, `authority_id`, `authority_type`, `role_id`, `create_time`, `create_user`) VALUES (645194849632390305, 643450853134441825, 'RESOURCE', 100, '2019-11-16 09:34:00', 3);
INSERT INTO `c_auth_role_authority`(`id`, `authority_id`, `authority_type`, `role_id`, `create_time`, `create_user`) VALUES (645194849632390337, 643445774687931841, 'RESOURCE', 100, '2019-11-16 09:34:00', 3);
INSERT INTO `c_auth_role_authority`(`id`, `authority_id`, `authority_type`, `role_id`, `create_time`, `create_user`) VALUES (645194849632390369, 643450171333548481, 'RESOURCE', 100, '2019-11-16 09:34:00', 3);
INSERT INTO `c_auth_role_authority`(`id`, `authority_id`, `authority_type`, `role_id`, `create_time`, `create_user`) VALUES (645194849636584705, 643456761927315137, 'RESOURCE', 100, '2019-11-16 09:34:00', 3);
INSERT INTO `c_auth_role_authority`(`id`, `authority_id`, `authority_type`, `role_id`, `create_time`, `create_user`) VALUES (645194849636584737, 643445477274028609, 'RESOURCE', 100, '2019-11-16 09:34:00', 3);
INSERT INTO `c_auth_role_authority`(`id`, `authority_id`, `authority_type`, `role_id`, `create_time`, `create_user`) VALUES (645194849636584769, 643445352703199521, 'RESOURCE', 100, '2019-11-16 09:34:00', 3);
INSERT INTO `c_auth_role_authority`(`id`, `authority_id`, `authority_type`, `role_id`, `create_time`, `create_user`) VALUES (645194849636584801, 643450551291353921, 'RESOURCE', 100, '2019-11-16 09:34:00', 3);
INSERT INTO `c_auth_role_authority`(`id`, `authority_id`, `authority_type`, `role_id`, `create_time`, `create_user`) VALUES (645194849636584833, 643445747320098145, 'RESOURCE', 100, '2019-11-16 09:34:00', 3);
INSERT INTO `c_auth_role_authority`(`id`, `authority_id`, `authority_type`, `role_id`, `create_time`, `create_user`) VALUES (645194849636584865, 643454110992968129, 'RESOURCE', 100, '2019-11-16 09:34:00', 3);
INSERT INTO `c_auth_role_authority`(`id`, `authority_id`, `authority_type`, `role_id`, `create_time`, `create_user`) VALUES (645194849640779201, 643452458693043457, 'RESOURCE', 100, '2019-11-16 09:34:00', 3);
INSERT INTO `c_auth_role_authority`(`id`, `authority_id`, `authority_type`, `role_id`, `create_time`, `create_user`) VALUES (645194849640779233, 643445016773002817, 'RESOURCE', 100, '2019-11-16 09:34:00', 3);
INSERT INTO `c_auth_role_authority`(`id`, `authority_id`, `authority_type`, `role_id`, `create_time`, `create_user`) VALUES (645194849640779265, 643445162915137313, 'RESOURCE', 100, '2019-11-16 09:34:00', 3);
INSERT INTO `c_auth_role_authority`(`id`, `authority_id`, `authority_type`, `role_id`, `create_time`, `create_user`) VALUES (645194849640779297, 643452571645650465, 'RESOURCE', 100, '2019-11-16 09:34:00', 3);
INSERT INTO `c_auth_role_authority`(`id`, `authority_id`, `authority_type`, `role_id`, `create_time`, `create_user`) VALUES (645194849640779329, 643444858974897441, 'RESOURCE', 100, '2019-11-16 09:34:00', 3);
INSERT INTO `c_auth_role_authority`(`id`, `authority_id`, `authority_type`, `role_id`, `create_time`, `create_user`) VALUES (645194849644973665, 643449944866297985, 'RESOURCE', 100, '2019-11-16 09:34:00', 3);
INSERT INTO `c_auth_role_authority`(`id`, `authority_id`, `authority_type`, `role_id`, `create_time`, `create_user`) VALUES (645194849644973697, 643450770317909249, 'RESOURCE', 100, '2019-11-16 09:34:00', 3);
INSERT INTO `c_auth_role_authority`(`id`, `authority_id`, `authority_type`, `role_id`, `create_time`, `create_user`) VALUES (645194849644973729, 643455720519380097, 'RESOURCE', 100, '2019-11-16 09:34:00', 3);
INSERT INTO `c_auth_role_authority`(`id`, `authority_id`, `authority_type`, `role_id`, `create_time`, `create_user`) VALUES (645194849644973761, 643450210449627681, 'RESOURCE', 100, '2019-11-16 09:34:00', 3);
INSERT INTO `c_auth_role_authority`(`id`, `authority_id`, `authority_type`, `role_id`, `create_time`, `create_user`) VALUES (645194849649168097, 643444992357959137, 'RESOURCE', 100, '2019-11-16 09:34:00', 3);
INSERT INTO `c_auth_role_authority`(`id`, `authority_id`, `authority_type`, `role_id`, `create_time`, `create_user`) VALUES (645194849649168129, 643456789920100129, 'RESOURCE', 100, '2019-11-16 09:34:00', 3);
INSERT INTO `c_auth_role_authority`(`id`, `authority_id`, `authority_type`, `role_id`, `create_time`, `create_user`) VALUES (645194849649168161, 643445229575210977, 'RESOURCE', 100, '2019-11-16 09:34:00', 3);
INSERT INTO `c_auth_role_authority`(`id`, `authority_id`, `authority_type`, `role_id`, `create_time`, `create_user`) VALUES (645194849649168193, 643445641149680705, 'RESOURCE', 100, '2019-11-16 09:34:00', 3);
INSERT INTO `c_auth_role_authority`(`id`, `authority_id`, `authority_type`, `role_id`, `create_time`, `create_user`) VALUES (645194849649168225, 643444819758154945, 'RESOURCE', 100, '2019-11-16 09:34:00', 3);
INSERT INTO `c_auth_role_authority`(`id`, `authority_id`, `authority_type`, `role_id`, `create_time`, `create_user`) VALUES (645194849653362561, 643449629173618657, 'RESOURCE', 100, '2019-11-16 09:34:00', 3);
INSERT INTO `c_auth_role_authority`(`id`, `authority_id`, `authority_type`, `role_id`, `create_time`, `create_user`) VALUES (645194849653362593, 643451945020826369, 'RESOURCE', 100, '2019-11-16 09:34:00', 3);
INSERT INTO `c_auth_role_authority`(`id`, `authority_id`, `authority_type`, `role_id`, `create_time`, `create_user`) VALUES (645194849653362625, 643448369779315777, 'RESOURCE', 100, '2019-11-16 09:34:00', 3);
INSERT INTO `c_auth_role_authority`(`id`, `authority_id`, `authority_type`, `role_id`, `create_time`, `create_user`) VALUES (645194849653362657, 643454825052252961, 'RESOURCE', 100, '2019-11-16 09:34:00', 3);
INSERT INTO `c_auth_role_authority`(`id`, `authority_id`, `authority_type`, `role_id`, `create_time`, `create_user`) VALUES (645194849653362689, 643456884694593409, 'RESOURCE', 100, '2019-11-16 09:34:00', 3);
INSERT INTO `c_auth_role_authority`(`id`, `authority_id`, `authority_type`, `role_id`, `create_time`, `create_user`) VALUES (645194849657557025, 643448338154263521, 'RESOURCE', 100, '2019-11-16 09:34:00', 3);
INSERT INTO `c_auth_role_authority`(`id`, `authority_id`, `authority_type`, `role_id`, `create_time`, `create_user`) VALUES (645194849657557057, 643449573045442433, 'RESOURCE', 100, '2019-11-16 09:34:00', 3);
INSERT INTO `c_auth_role_authority`(`id`, `authority_id`, `authority_type`, `role_id`, `create_time`, `create_user`) VALUES (645194849657557089, 643445704177487105, 'RESOURCE', 100, '2019-11-16 09:34:00', 3);
INSERT INTO `c_auth_role_authority`(`id`, `authority_id`, `authority_type`, `role_id`, `create_time`, `create_user`) VALUES (645194849657557121, 643451893279892129, 'RESOURCE', 100, '2019-11-16 09:34:00', 3);
INSERT INTO `c_auth_role_authority`(`id`, `authority_id`, `authority_type`, `role_id`, `create_time`, `create_user`) VALUES (645194849657557153, 643452429496493217, 'RESOURCE', 100, '2019-11-16 09:34:00', 3);
INSERT INTO `c_auth_role_authority`(`id`, `authority_id`, `authority_type`, `role_id`, `create_time`, `create_user`) VALUES (645194849657557185, 643454073500084577, 'RESOURCE', 100, '2019-11-16 09:34:00', 3);
INSERT INTO `c_auth_role_authority`(`id`, `authority_id`, `authority_type`, `role_id`, `create_time`, `create_user`) VALUES (645194849657557217, 643455175503129569, 'RESOURCE', 100, '2019-11-16 09:34:00', 3);
INSERT INTO `c_auth_role_authority`(`id`, `authority_id`, `authority_type`, `role_id`, `create_time`, `create_user`) VALUES (645194849661751553, 643445283996305569, 'RESOURCE', 100, '2019-11-16 09:34:00', 3);
INSERT INTO `c_auth_role_authority`(`id`, `authority_id`, `authority_type`, `role_id`, `create_time`, `create_user`) VALUES (645194849661751585, 643451994945626977, 'RESOURCE', 100, '2019-11-16 09:34:00', 3);
INSERT INTO `c_auth_role_authority`(`id`, `authority_id`, `authority_type`, `role_id`, `create_time`, `create_user`) VALUES (645194849661751617, 643445674330819745, 'RESOURCE', 100, '2019-11-16 09:34:00', 3);
INSERT INTO `c_auth_role_authority`(`id`, `authority_id`, `authority_type`, `role_id`, `create_time`, `create_user`) VALUES (645194849661751649, 643445542076025601, 'RESOURCE', 100, '2019-11-16 09:34:00', 3);
INSERT INTO `c_auth_role_authority`(`id`, `authority_id`, `authority_type`, `role_id`, `create_time`, `create_user`) VALUES (645194849661751681, 643452393857492033, 'RESOURCE', 100, '2019-11-16 09:34:00', 3);
INSERT INTO `c_auth_role_authority`(`id`, `authority_id`, `authority_type`, `role_id`, `create_time`, `create_user`) VALUES (645194849661751713, 643450326619265761, 'RESOURCE', 100, '2019-11-16 09:34:00', 3);
INSERT INTO `c_auth_role_authority`(`id`, `authority_id`, `authority_type`, `role_id`, `create_time`, `create_user`) VALUES (645194849661751745, 643450602218593185, 'RESOURCE', 100, '2019-11-16 09:34:00', 3);
INSERT INTO `c_auth_role_authority`(`id`, `authority_id`, `authority_type`, `role_id`, `create_time`, `create_user`) VALUES (645194849665946081, 643454150905965089, 'RESOURCE', 100, '2019-11-16 09:34:00', 3);
INSERT INTO `c_auth_role_authority`(`id`, `authority_id`, `authority_type`, `role_id`, `create_time`, `create_user`) VALUES (645194849665946113, 643452086981239745, 'RESOURCE', 100, '2019-11-16 09:34:00', 3);
INSERT INTO `c_auth_role_authority`(`id`, `authority_id`, `authority_type`, `role_id`, `create_time`, `create_user`) VALUES (645194849665946145, 643452488447436129, 'RESOURCE', 100, '2019-11-16 09:34:00', 3);
INSERT INTO `c_auth_role_authority`(`id`, `authority_id`, `authority_type`, `role_id`, `create_time`, `create_user`) VALUES (645194849665946177, 643456724186967649, 'RESOURCE', 100, '2019-11-16 09:34:00', 3);
INSERT INTO `c_auth_role_authority`(`id`, `authority_id`, `authority_type`, `role_id`, `create_time`, `create_user`) VALUES (645194849665946209, 643445448081672673, 'RESOURCE', 100, '2019-11-16 09:34:00', 3);
INSERT INTO `c_auth_role_authority`(`id`, `authority_id`, `authority_type`, `role_id`, `create_time`, `create_user`) VALUES (645194849665946241, 643448611161511169, 'RESOURCE', 100, '2019-11-16 09:34:00', 3);
INSERT INTO `c_auth_role_authority`(`id`, `authority_id`, `authority_type`, `role_id`, `create_time`, `create_user`) VALUES (645194849670140577, 643449540959016737, 'RESOURCE', 100, '2019-11-16 09:34:00', 3);
INSERT INTO `c_auth_role_authority`(`id`, `authority_id`, `authority_type`, `role_id`, `create_time`, `create_user`) VALUES (645194849670140609, 605079411338773153, 'MENU', 100, '2019-11-16 09:34:00', 3);
INSERT INTO `c_auth_role_authority`(`id`, `authority_id`, `authority_type`, `role_id`, `create_time`, `create_user`) VALUES (645194849670140641, 605080648767505601, 'MENU', 100, '2019-11-16 09:34:00', 3);
INSERT INTO `c_auth_role_authority`(`id`, `authority_id`, `authority_type`, `role_id`, `create_time`, `create_user`) VALUES (645194849670140673, 603983082961243905, 'MENU', 100, '2019-11-16 09:34:00', 3);
INSERT INTO `c_auth_role_authority`(`id`, `authority_id`, `authority_type`, `role_id`, `create_time`, `create_user`) VALUES (645194849670140705, 603982542332235201, 'MENU', 100, '2019-11-16 09:34:00', 3);
INSERT INTO `c_auth_role_authority`(`id`, `authority_id`, `authority_type`, `role_id`, `create_time`, `create_user`) VALUES (645194849670140737, 603981723864141121, 'MENU', 100, '2019-11-16 09:34:00', 3);
INSERT INTO `c_auth_role_authority`(`id`, `authority_id`, `authority_type`, `role_id`, `create_time`, `create_user`) VALUES (645194849670140769, 605424535633666945, 'MENU', 100, '2019-11-16 09:34:00', 3);
INSERT INTO `c_auth_role_authority`(`id`, `authority_id`, `authority_type`, `role_id`, `create_time`, `create_user`) VALUES (645194849674335105, 605078371293987105, 'MENU', 100, '2019-11-16 09:34:00', 3);
INSERT INTO `c_auth_role_authority`(`id`, `authority_id`, `authority_type`, `role_id`, `create_time`, `create_user`) VALUES (645194849674335137, 644111530555611361, 'MENU', 100, '2019-11-16 09:34:00', 3);
INSERT INTO `c_auth_role_authority`(`id`, `authority_id`, `authority_type`, `role_id`, `create_time`, `create_user`) VALUES (645194849674335169, 605079751035454305, 'MENU', 100, '2019-11-16 09:34:00', 3);
INSERT INTO `c_auth_role_authority`(`id`, `authority_id`, `authority_type`, `role_id`, `create_time`, `create_user`) VALUES (645194849674335201, 605080023753294753, 'MENU', 100, '2019-11-16 09:34:00', 3);
INSERT INTO `c_auth_role_authority`(`id`, `authority_id`, `authority_type`, `role_id`, `create_time`, `create_user`) VALUES (645194849674335233, 605079239015793249, 'MENU', 100, '2019-11-16 09:34:00', 3);
INSERT INTO `c_auth_role_authority`(`id`, `authority_id`, `authority_type`, `role_id`, `create_time`, `create_user`) VALUES (645194849678529569, 605078672772170209, 'MENU', 100, '2019-11-16 09:34:00', 3);
INSERT INTO `c_auth_role_authority`(`id`, `authority_id`, `authority_type`, `role_id`, `create_time`, `create_user`) VALUES (645194849678529601, 603976297063910529, 'MENU', 100, '2019-11-16 09:34:00', 3);
INSERT INTO `c_auth_role_authority`(`id`, `authority_id`, `authority_type`, `role_id`, `create_time`, `create_user`) VALUES (645194849678529633, 605079545585861345, 'MENU', 100, '2019-11-16 09:34:00', 3);
INSERT INTO `c_auth_role_authority`(`id`, `authority_id`, `authority_type`, `role_id`, `create_time`, `create_user`) VALUES (645194849678529665, 605080107379327969, 'MENU', 100, '2019-11-16 09:34:00', 3);
INSERT INTO `c_auth_role_authority`(`id`, `authority_id`, `authority_type`, `role_id`, `create_time`, `create_user`) VALUES (645194849678529697, 605078979149300257, 'MENU', 100, '2019-11-16 09:34:00', 3);
INSERT INTO `c_auth_role_authority`(`id`, `authority_id`, `authority_type`, `role_id`, `create_time`, `create_user`) VALUES (645194849678529729, 101, 'MENU', 100, '2019-11-16 09:34:00', 3);
INSERT INTO `c_auth_role_authority`(`id`, `authority_id`, `authority_type`, `role_id`, `create_time`, `create_user`) VALUES (645194849678529761, 605080359394083937, 'MENU', 100, '2019-11-16 09:34:00', 3);
INSERT INTO `c_auth_role_authority`(`id`, `authority_id`, `authority_type`, `role_id`, `create_time`, `create_user`) VALUES (645194849682724097, 102, 'MENU', 100, '2019-11-16 09:34:00', 3);
INSERT INTO `c_auth_role_authority`(`id`, `authority_id`, `authority_type`, `role_id`, `create_time`, `create_user`) VALUES (645194849682724129, 103, 'MENU', 100, '2019-11-16 09:34:00', 3);
INSERT INTO `c_auth_role_authority`(`id`, `authority_id`, `authority_type`, `role_id`, `create_time`, `create_user`) VALUES (645194849682724161, 104, 'MENU', 100, '2019-11-16 09:34:00', 3);
INSERT INTO `c_auth_role_authority`(`id`, `authority_id`, `authority_type`, `role_id`, `create_time`, `create_user`) VALUES (645194849682724193, 105, 'MENU', 100, '2019-11-16 09:34:00', 3);
INSERT INTO `c_auth_role_authority`(`id`, `authority_id`, `authority_type`, `role_id`, `create_time`, `create_user`) VALUES (645194849682724225, 106, 'MENU', 100, '2019-11-16 09:34:00', 3);
INSERT INTO `c_auth_role_authority`(`id`, `authority_id`, `authority_type`, `role_id`, `create_time`, `create_user`) VALUES (645194849682724257, 107, 'MENU', 100, '2019-11-16 09:34:00', 3);
INSERT INTO `c_auth_role_authority`(`id`, `authority_id`, `authority_type`, `role_id`, `create_time`, `create_user`) VALUES (645194849682724289, 605078463069552993, 'MENU', 100, '2019-11-16 09:34:00', 3);
INSERT INTO `c_auth_role_authority`(`id`, `authority_id`, `authority_type`, `role_id`, `create_time`, `create_user`) VALUES (645194849682724321, 605080816296396097, 'MENU', 100, '2019-11-16 09:34:00', 3);
INSERT INTO `c_auth_role_authority`(`id`, `authority_id`, `authority_type`, `role_id`, `create_time`, `create_user`) VALUES (645194849686918657, 603982713849908801, 'MENU', 100, '2019-11-16 09:34:00', 3);
INSERT INTO `c_auth_role_authority`(`id`, `authority_id`, `authority_type`, `role_id`, `create_time`, `create_user`) VALUES (645194849686918689, 605079658416833313, 'MENU', 100, '2019-11-16 09:34:00', 3);
INSERT INTO `c_auth_role_authority`(`id`, `authority_id`, `authority_type`, `role_id`, `create_time`, `create_user`) VALUES (645194849686918721, 605078538881597857, 'MENU', 100, '2019-11-16 09:34:00', 3);
INSERT INTO `c_auth_role_authority`(`id`, `authority_id`, `authority_type`, `role_id`, `create_time`, `create_user`) VALUES (645211632242283617, 643451994945626977, 'RESOURCE', 643779012732130273, '2019-11-16 10:40:41', 3);
INSERT INTO `c_auth_role_authority`(`id`, `authority_id`, `authority_type`, `role_id`, `create_time`, `create_user`) VALUES (645211632250672257, 643451893279892129, 'RESOURCE', 643779012732130273, '2019-11-16 10:40:41', 3);
INSERT INTO `c_auth_role_authority`(`id`, `authority_id`, `authority_type`, `role_id`, `create_time`, `create_user`) VALUES (645211632250672289, 643445229575210977, 'RESOURCE', 643779012732130273, '2019-11-16 10:40:41', 3);
INSERT INTO `c_auth_role_authority`(`id`, `authority_id`, `authority_type`, `role_id`, `create_time`, `create_user`) VALUES (645211632250672321, 643445477274028609, 'RESOURCE', 643779012732130273, '2019-11-16 10:40:41', 3);
INSERT INTO `c_auth_role_authority`(`id`, `authority_id`, `authority_type`, `role_id`, `create_time`, `create_user`) VALUES (645211632250672353, 643445412774021505, 'RESOURCE', 643779012732130273, '2019-11-16 10:40:41', 3);
INSERT INTO `c_auth_role_authority`(`id`, `authority_id`, `authority_type`, `role_id`, `create_time`, `create_user`) VALUES (645211632250672385, 603982713849908801, 'MENU', 643779012732130273, '2019-11-16 10:40:41', 3);
INSERT INTO `c_auth_role_authority`(`id`, `authority_id`, `authority_type`, `role_id`, `create_time`, `create_user`) VALUES (645211632254866721, 101, 'MENU', 643779012732130273, '2019-11-16 10:40:41', 3);
INSERT INTO `c_auth_role_authority`(`id`, `authority_id`, `authority_type`, `role_id`, `create_time`, `create_user`) VALUES (645211632254866753, 605080023753294753, 'MENU', 643779012732130273, '2019-11-16 10:40:41', 3);
INSERT INTO `c_auth_role_authority`(`id`, `authority_id`, `authority_type`, `role_id`, `create_time`, `create_user`) VALUES (645211632254866785, 104, 'MENU', 643779012732130273, '2019-11-16 10:40:41', 3);
INSERT INTO `c_auth_role_authority`(`id`, `authority_id`, `authority_type`, `role_id`, `create_time`, `create_user`) VALUES (645211632254866817, 603983082961243905, 'MENU', 643779012732130273, '2019-11-16 10:40:41', 3);
INSERT INTO `c_auth_role_authority`(`id`, `authority_id`, `authority_type`, `role_id`, `create_time`, `create_user`) VALUES (645211632254866849, 105, 'MENU', 643779012732130273, '2019-11-16 10:40:41', 3);
INSERT INTO `c_auth_role_authority`(`id`, `authority_id`, `authority_type`, `role_id`, `create_time`, `create_user`) VALUES (645211632254866881, 605078538881597857, 'MENU', 643779012732130273, '2019-11-16 10:40:41', 3);
INSERT INTO `c_auth_role_authority`(`id`, `authority_id`, `authority_type`, `role_id`, `create_time`, `create_user`) VALUES (645215230518909025, 645215230518909025, 'MENU', 100, '2019-11-16 10:59:33', 3);
INSERT INTO `c_auth_role_authority`(`id`, `authority_id`, `authority_type`, `role_id`, `create_time`, `create_user`) VALUES (645288214990422241, 645288214990422241, 'RESOURCE', 100, '2019-11-16 09:33:59', 3);
INSERT INTO `c_auth_role_authority`(`id`, `authority_id`, `authority_type`, `role_id`, `create_time`, `create_user`) VALUES (645288283693121889, 645288283693121889, 'RESOURCE', 100, '2019-11-16 09:33:59', 3);
INSERT INTO `c_auth_role_authority`(`id`, `authority_id`, `authority_type`, `role_id`, `create_time`, `create_user`) VALUES (645288375300915649, 645288375300915649, 'RESOURCE', 100, '2019-11-16 09:33:59', 3);
INSERT INTO `c_auth_role_authority`(`id`, `authority_id`, `authority_type`, `role_id`, `create_time`, `create_user`) VALUES (646807586212951009, 643444685339100193, 'RESOURCE', 646807483838377697, '2019-11-20 20:22:26', 3);
INSERT INTO `c_auth_role_authority`(`id`, `authority_id`, `authority_type`, `role_id`, `create_time`, `create_user`) VALUES (646807586229728257, 101, 'MENU', 646807483838377697, '2019-11-20 20:22:26', 3);
INSERT INTO `c_auth_role_authority`(`id`, `authority_id`, `authority_type`, `role_id`, `create_time`, `create_user`) VALUES (646807586229728289, 643464272629728001, 'MENU', 646807483838377697, '2019-11-20 20:22:26', 3);
INSERT INTO `c_auth_role_authority`(`id`, `authority_id`, `authority_type`, `role_id`, `create_time`, `create_user`) VALUES (646807586229728321, 643464953478514081, 'MENU', 646807483838377697, '2019-11-20 20:22:26', 3);
INSERT INTO `c_auth_role_authority`(`id`, `authority_id`, `authority_type`, `role_id`, `create_time`, `create_user`) VALUES (646807586229728353, 643464392888812545, 'MENU', 646807483838377697, '2019-11-20 20:22:26', 3);
INSERT INTO `c_auth_role_authority`(`id`, `authority_id`, `authority_type`, `role_id`, `create_time`, `create_user`) VALUES (646807586233922689, 603982542332235201, 'MENU', 646807483838377697, '2019-11-20 20:22:26', 3);
INSERT INTO `c_auth_role_authority`(`id`, `authority_id`, `authority_type`, `role_id`, `create_time`, `create_user`) VALUES (647450050129037089, 643448826945869409, 'RESOURCE', 645198153556958497, '2019-11-22 14:55:21', 3);
INSERT INTO `c_auth_role_authority`(`id`, `authority_id`, `authority_type`, `role_id`, `create_time`, `create_user`) VALUES (647450050137425729, 643448338154263521, 'RESOURCE', 645198153556958497, '2019-11-22 14:55:21', 3);
INSERT INTO `c_auth_role_authority`(`id`, `authority_id`, `authority_type`, `role_id`, `create_time`, `create_user`) VALUES (647450050137425761, 643448611161511169, 'RESOURCE', 645198153556958497, '2019-11-22 14:55:21', 3);
INSERT INTO `c_auth_role_authority`(`id`, `authority_id`, `authority_type`, `role_id`, `create_time`, `create_user`) VALUES (647450050137425793, 643444685339100194, 'RESOURCE', 645198153556958497, '2019-11-22 14:55:21', 3);
INSERT INTO `c_auth_role_authority`(`id`, `authority_id`, `authority_type`, `role_id`, `create_time`, `create_user`) VALUES (647450050141620129, 643448656451605857, 'RESOURCE', 645198153556958497, '2019-11-22 14:55:21', 3);
INSERT INTO `c_auth_role_authority`(`id`, `authority_id`, `authority_type`, `role_id`, `create_time`, `create_user`) VALUES (647450050141620161, 643448730950833601, 'RESOURCE', 645198153556958497, '2019-11-22 14:55:21', 3);
INSERT INTO `c_auth_role_authority`(`id`, `authority_id`, `authority_type`, `role_id`, `create_time`, `create_user`) VALUES (647450050145814497, 643448369779315777, 'RESOURCE', 645198153556958497, '2019-11-22 14:55:21', 3);
INSERT INTO `c_auth_role_authority`(`id`, `authority_id`, `authority_type`, `role_id`, `create_time`, `create_user`) VALUES (647450050145814529, 643448507767723169, 'RESOURCE', 645198153556958497, '2019-11-22 14:55:21', 3);
INSERT INTO `c_auth_role_authority`(`id`, `authority_id`, `authority_type`, `role_id`, `create_time`, `create_user`) VALUES (647450050150008865, 605080648767505601, 'MENU', 645198153556958497, '2019-11-22 14:55:21', 3);
INSERT INTO `c_auth_role_authority`(`id`, `authority_id`, `authority_type`, `role_id`, `create_time`, `create_user`) VALUES (647450050150008897, 605080107379327969, 'MENU', 645198153556958497, '2019-11-22 14:55:21', 3);
INSERT INTO `c_auth_role_authority`(`id`, `authority_id`, `authority_type`, `role_id`, `create_time`, `create_user`) VALUES (647450050154203233, 605080359394083937, 'MENU', 645198153556958497, '2019-11-22 14:55:21', 3);
INSERT INTO `c_auth_role_authority`(`id`, `authority_id`, `authority_type`, `role_id`, `create_time`, `create_user`) VALUES (647450050154203265, 102, 'MENU', 645198153556958497, '2019-11-22 14:55:21', 3);
INSERT INTO `c_auth_role_authority`(`id`, `authority_id`, `authority_type`, `role_id`, `create_time`, `create_user`) VALUES (647450050154203297, 103, 'MENU', 645198153556958497, '2019-11-22 14:55:21', 3);
INSERT INTO `c_auth_role_authority`(`id`, `authority_id`, `authority_type`, `role_id`, `create_time`, `create_user`) VALUES (647450050154203329, 105, 'MENU', 645198153556958497, '2019-11-22 14:55:21', 3);
INSERT INTO `c_auth_role_authority`(`id`, `authority_id`, `authority_type`, `role_id`, `create_time`, `create_user`) VALUES (647450050154203361, 106, 'MENU', 645198153556958497, '2019-11-22 14:55:21', 3);
INSERT INTO `c_auth_role_authority`(`id`, `authority_id`, `authority_type`, `role_id`, `create_time`, `create_user`) VALUES (647450050154203393, 107, 'MENU', 645198153556958497, '2019-11-22 14:55:21', 3);
INSERT INTO `c_auth_role_authority`(`id`, `authority_id`, `authority_type`, `role_id`, `create_time`, `create_user`) VALUES (647450050158397729, 605078463069552993, 'MENU', 645198153556958497, '2019-11-22 14:55:21', 3);
INSERT INTO `c_auth_role_authority`(`id`, `authority_id`, `authority_type`, `role_id`, `create_time`, `create_user`) VALUES (647450050158397761, 603981723864141121, 'MENU', 645198153556958497, '2019-11-22 14:55:21', 3);
INSERT INTO `c_auth_role_authority`(`id`, `authority_id`, `authority_type`, `role_id`, `create_time`, `create_user`) VALUES (647450050158397793, 605078371293987105, 'MENU', 645198153556958497, '2019-11-22 14:55:21', 3);
INSERT INTO `c_auth_role_authority`(`id`, `authority_id`, `authority_type`, `role_id`, `create_time`, `create_user`) VALUES (647450050158397825, 605079751035454305, 'MENU', 645198153556958497, '2019-11-22 14:55:21', 3);
INSERT INTO `c_auth_role_authority`(`id`, `authority_id`, `authority_type`, `role_id`, `create_time`, `create_user`) VALUES (647450050158397857, 605080023753294753, 'MENU', 645198153556958497, '2019-11-22 14:55:21', 3);
INSERT INTO `c_auth_role_authority`(`id`, `authority_id`, `authority_type`, `role_id`, `create_time`, `create_user`) VALUES (647450050158397889, 603976297063910529, 'MENU', 645198153556958497, '2019-11-22 14:55:21', 3);
